user_id,post_id,viewed,liked
5,1346,1,0
5,1357,1,0
5,1365,1,0
5,1367,1,0
5,1358,1,0
5,1374,1,0
5,1362,1,0
5,1344,1,0
5,1355,1,0
5,1359,1,0
5,1371,1,0
5,845,1,0
5,1385,1,0
5,1384,1,0
5,654,1,0
1134,1283,1,0
1114,1283,1,0
5,996,1,1
9,33,1,1
9,631,1,0
9,176,1,0
9,375,1,0
9,1387,1,1
9,94,1,0
9,633,1,1
9,1195,1,1
9,1202,1,1
9,1377,1,0
9,672,1,0
1039,1240,1,0
1039,654,1,0
1039,773,1,0
1039,1387,1,0
9,38,1,0
9,943,1,0
9,920,1,1
1,1384,1,1
1,1387,1,1
1,1386,1,0
1,1383,1,0
1,1380,1,0
1,1385,1,1
1,1379,1,1
1,1381,1,1
1142,1064,1,1
1,1377,1,1
1,1370,1,1
1,1351,1,1
1010,631,1,0
1145,634,1,0
1146,1189,1,0
1132,1345,1,0
1148,1292,1,0
1148,1283,1,0
152,167,1,0
152,1230,1,0
16,1387,1,0
16,1377,1,0
16,1384,1,0
9,1345,1,0
9,1383,1,0
1151,1073,1,0
1150,1247,1,0
1150,1276,1,0
9,1343,1,0
16,1345,1,0
16,1383,1,0
16,1343,1,0
1152,626,1,0
16,1386,1,0
16,1361,1,0
16,1385,1,0
16,1364,1,1
16,1346,1,1
16,1352,1,0
609,1079,1,1
16,1355,1,0
16,1373,1,0
16,1367,1,0
16,1381,1,0
1132,1384,1,0
1132,1383,1,0
1132,1343,1,0
1132,1387,1,0
139,1283,1,0
139,1277,1,0
1160,1385,1,0
1039,1401,1,0
1161,1293,1,0
1149,39,1,0
1156,635,1,0
1039,944,1,0
1039,898,1,0
1039,972,1,0
139,1268,1,0
1132,1399,1,0
1132,1401,1,0
1132,1396,1,0
1132,1392,1,0
1170,626,1,0
1172,46,1,0
1172,375,1,0
1173,1293,1,0
1164,634,1,0
1164,459,1,0
1164,1314,1,0
1164,1401,1,0
1177,726,1,0
1177,772,1,0
1177,788,1,0
1177,1237,1,0
1170,1070,1,0
1184,1246,1,0
1184,1249,1,0
1184,1052,1,0
1184,1050,1,0
1184,1049,1,0
1184,1048,1,0
1184,1047,1,0
1184,1046,1,0
1184,1045,1,0
1184,1044,1,0
1184,1043,1,0
1184,1042,1,0
1184,1041,1,0
1184,1355,1,0
5,1397,1,0
1,1397,1,0
1185,1293,1,0
1185,1292,1,0
1185,1305,1,0
1152,1251,1,0
1152,1365,1,0
182,1073,1,0
1185,1263,1,0
1190,1251,1,0
1185,1285,1,0
1185,1298,1,0
1185,1288,1,0
1185,1252,1,0
1185,1264,1,0
1185,1257,1,0
1185,1301,1,0
1190,1365,1,0
1190,1367,1,0
1194,1217,1,0
1194,635,1,0
1194,634,1,0
1194,459,1,0
1194,1073,1,0
1194,1071,1,0
1194,1070,1,0
1194,1069,1,0
1194,784,1,0
1194,1088,1,0
1194,1087,1,0
1194,1086,1,0
1194,1085,1,0
1194,1084,1,0
1194,1083,1,0
1194,1082,1,0
1194,1081,1,0
1194,1080,1,0
1,1225,1,0
1193,1189,1,0
1185,1283,1,0
1195,437,1,0
1195,723,1,0
1197,1189,1,0
1197,1397,1,1
1197,1224,1,0
1197,422,1,0
1177,781,1,0
1177,785,1,0
1177,558,1,0
1198,1293,1,0
1161,1283,1,0
1161,1277,1,0
1179,1387,1,0
1179,1230,1,0
1179,1343,1,0
1179,32,1,0
1179,1220,1,0
1179,1221,1,0
1179,1242,1,0
1179,1151,1,0
1179,692,1,0
1132,1397,1,0
1179,694,1,0
1179,60,1,0
1179,1289,1,0
1179,1291,1,0
1179,1304,1,0
1152,1088,1,0
1179,871,1,0
1179,897,1,0
1179,868,1,0
1179,1351,1,0
1179,1370,1,0
1179,1245,1,0
1179,1362,1,0
1179,364,1,0
1179,361,1,0
1179,247,1,0
1179,1224,1,0
1179,252,1,0
1179,156,1,0
1179,135,1,0
1179,34,1,0
1179,774,1,0
1179,358,1,0
1179,423,1,0
1179,815,1,0
1179,811,1,0
1179,436,1,0
1179,512,1,0
1179,890,1,0
1179,583,1,0
1179,773,1,0
1179,1383,1,0
1179,1345,1,0
1179,791,1,0
1179,1233,1,0
1179,847,1,0
1179,638,1,0
1179,626,1,0
1179,625,1,0
1179,620,1,0
1179,1303,1,0
1163,177,1,0
1163,820,1,0
1163,1242,1,0
1207,1251,1,0
1163,1240,1,0
1207,1250,1,0
1163,1239,1,0
1163,1238,1,0
1163,1237,1,0
1163,1236,1,0
1163,1235,1,0
1163,626,1,0
1163,625,1,0
1163,621,1,0
1163,608,1,0
1207,626,1,0
1163,692,1,0
1163,694,1,0
1163,165,1,0
1163,1314,1,0
1163,1313,1,0
1163,1312,1,0
1163,1311,1,0
1163,1310,1,0
1163,1299,1,0
1163,1298,1,0
1163,1088,1,0
1208,1204,1,0
1208,1228,1,0
1179,461,1,0
1204,1246,1,0
1204,1249,1,0
1204,1367,1,0
1204,152,1,0
1204,652,1,0
1204,695,1,0
1204,1358,1,0
1204,1147,1,0
1204,1189,1,0
1204,1206,1,0
1204,1265,1,0
1204,1255,1,0
1204,1291,1,0
1202,1353,1,0
1202,1366,1,0
1155,459,1,0
1105,631,1,0
1105,1214,1,0
1210,635,1,0
1186,1345,1,0
1202,379,1,0
1195,1251,1,0
1195,1250,1,0
1195,1249,1,0
1195,1248,1,0
1152,1507,1,0
1195,1507,1,0
1192,1507,1,0
1152,1511,1,0
1195,1511,1,0
1202,1511,1,0
1202,1507,1,0
1202,1251,1,0
1192,1511,1,0
1152,1513,1,0
1182,1513,1,0
1182,1507,1,0
1182,1511,1,0
139,1511,1,0
139,1507,1,0
1204,1513,1,0
1204,1511,1,0
1204,1507,1,0
1149,1514,1,0
1192,1514,1,0
1192,1513,1,0
1152,1516,1,0
1152,1514,1,0
1202,1514,1,0
1195,1516,1,0
139,1516,1,0
1195,1514,1,0
1195,1513,1,0
1192,1516,1,0
1155,1519,1,0
1155,1516,1,0
1155,1514,1,0
1155,1513,1,0
1155,1511,1,0
1155,1507,1,0
1155,1520,1,0
1192,1520,1,0
1149,1523,1,0
1155,1251,1,0
1155,1250,1,0
1155,1249,1,0
1155,1248,1,0
1155,1247,1,0
1155,1246,1,0
1195,1523,1,0
1195,1522,1,0
1149,1522,1,0
1149,1520,1,0
1195,1520,1,0
1149,1519,1,0
1149,1516,1,0
1149,1513,1,0
1149,1511,1,0
1149,1507,1,0
1181,1526,1,0
1181,1523,1,0
1181,1520,1,0
1181,1519,1,0
1181,1514,1,0
1181,1513,1,0
1181,1507,1,0
1181,1286,1,0
1181,1511,1,0
1155,1526,1,0
1195,1526,1,0
1195,1519,1,0
1212,782,1,0
1212,798,1,0
1149,1526,1,0
1213,1526,1,0
1213,1523,1,0
1213,1522,1,0
1213,1520,1,0
1213,1519,1,0
1213,1516,1,0
1213,1514,1,0
1213,1513,1,0
1152,1526,1,0
1155,1523,1,0
1155,1522,1,0
1155,1226,1,0
1155,1110,1,0
1152,1536,1,0
1195,1536,1,0
1181,1536,1,0
1202,1526,1,0
1202,1536,1,0
1202,1523,1,0
1202,1522,1,0
1202,1516,1,0
1162,1507,1,0
1162,1516,1,0
1162,1519,1,0
1204,1536,1,0
1204,1526,1,0
1204,1523,1,0
1204,1522,1,0
1204,1520,1,0
1204,1519,1,0
1204,1516,1,0
1204,1514,1,0
1181,1545,1,0
1181,1546,1,0
1213,1546,1,0
1213,1545,1,0
1213,1536,1,0
1132,1361,1,0
1132,1352,1,0
1215,1522,1,0
1215,1546,1,0
1215,1526,1,0
1215,1519,1,0
1215,414,1,0
1215,697,1,0
1215,32,1,0
1215,1375,1,0
1215,1380,1,0
1152,1546,1,0
1152,1545,1,0
1152,1523,1,0
1152,1522,1,0
1152,1570,1,0
1152,1520,1,0
1152,1519,1,0
1216,1088,1,0
1216,771,1,0
1216,796,1,0
1216,865,1,0
1216,918,1,0
1216,891,1,0
1185,1277,1,0
1149,1570,1,0
1149,1546,1,0
1149,1545,1,0
1149,1536,1,0
1217,1570,1,0
1217,1546,1,0
1217,1536,1,0
1202,1513,1,0
1202,1545,1,0
1202,1546,1,0
1202,1570,1,0
1215,1205,1,0
1165,1522,1,0
1165,1570,1,0
1165,1546,1,0
1165,1545,1,0
1165,1536,1,0
1165,1523,1,0
1165,1520,1,0
1165,1519,1,0
1165,1514,1,0
1165,1513,1,0
1165,1507,1,0
1202,1520,1,0
1186,1570,1,0
1202,1519,1,0
1186,1536,1,0
1186,1546,1,0
1186,1545,1,0
1186,1526,1,0
1186,1523,1,0
1186,1519,1,0
1186,1520,1,0
1186,1513,1,0
1186,1507,1,0
1186,1511,1,0
1219,634,1,0
1219,1088,1,0
1220,1305,1,0
1220,1263,1,0
1220,1288,1,0
1220,1298,1,0
1220,1285,1,0
1220,1264,1,0
1220,1257,1,0
1220,1281,1,0
1181,1570,1,0
1155,1570,1,0
1155,1546,1,0
1195,1570,1,0
1195,1546,1,0
1195,1545,1,0
1162,1511,1,0
1162,1514,1,0
1222,1355,1,0
1181,1607,1,0
1181,1612,1,0
1155,1616,1,0
1155,1615,1,0
1181,1610,1,0
1181,1615,1,0
1181,1616,1,0
1155,1612,1,0
1155,1610,1,0
1155,1609,1,0
1155,1607,1,0
1202,1616,1,0
1217,1628,1,0
1217,1627,1,0
1217,1620,1,0
1165,1631,1,0
1155,1628,1,0
1155,1631,1,0
1155,1627,1,0
1155,1623,1,0
1155,1620,1,0
1155,1245,1,0
1155,1243,1,0
1155,1242,1,0
1155,1240,1,0
1155,1239,1,0
1152,1631,1,0
1152,1628,1,0
1152,1627,1,0
1152,1623,1,0
1152,1620,1,0
1152,1616,1,0
1152,1615,1,0
1152,1610,1,0
1152,1609,1,0
1152,1607,1,0
1202,1631,1,0
1179,1628,1,0
1179,1627,1,0
1165,1628,1,0
1179,723,1,0
1179,469,1,0
1152,1250,1,0
1152,1249,1,0
1152,1247,1,0
1152,1246,1,0
1152,1245,1,0
1152,1243,1,0
1155,1292,1,0
1155,1291,1,0
1155,1290,1,0
1152,1632,1,0
1202,1632,1,0
1155,1401,1,0
1149,1632,1,0
1149,1631,1,0
1149,1628,1,0
1149,1627,1,0
1149,1623,1,0
1149,1620,1,0
1149,1616,1,0
1149,1615,1,0
1149,1610,1,0
1149,1609,1,0
1149,1607,1,0
1202,1633,1,0
1152,1634,1,0
1152,1633,1,0
1165,1634,1,0
1181,1634,1,0
1181,1633,1,0
1165,1633,1,0
1165,1632,1,0
1181,1628,1,0
1181,1627,1,0
1181,1623,1,0
1181,1609,1,0
1181,1631,1,0
1181,1620,1,0
1155,1634,1,0
1223,1057,1,0
1223,634,1,0
1223,459,1,0
1132,1385,1,0
1132,1346,1,0
1132,1386,1,0
1132,1364,1,0
1132,1359,1,0
1132,1357,1,0
1162,1634,1,0
1195,1634,1,0
1149,1634,1,0
1149,1633,1,0
1152,1636,1,0
1221,27,1,0
1221,1638,1,0
1221,1636,1,0
1221,1628,1,0
1221,1516,1,0
1221,1514,1,0
1221,1513,1,0
1221,1511,1,0
1221,1507,1,0
1221,1519,1,0
1221,1520,1,0
1221,1634,1,0
1221,1633,1,0
1221,1632,1,0
1221,1631,1,0
1221,1627,1,0
1221,1623,1,0
1221,1620,1,0
1221,1616,1,0
139,1631,1,0
139,1628,1,0
139,1627,1,0
139,1623,1,0
1165,1638,1,0
1165,1636,1,0
1152,1641,1,0
1152,1640,1,0
1152,1638,1,0
1226,1641,1,0
1226,1640,1,0
1152,1007,1,0
1152,1060,1,0
1226,814,1,0
1152,36,1,0
1152,147,1,0
1152,558,1,0
1152,627,1,0
1152,776,1,0
1152,782,1,0
1152,548,1,0
1152,692,1,0
1152,694,1,0
1152,774,1,0
1152,914,1,0
1152,1218,1,1
1152,1262,1,0
1152,1276,1,1
1152,1286,1,0
1152,641,1,1
1152,696,1,0
1152,772,1,1
1152,1356,1,1
1221,1641,1,0
1221,1640,1,0
1221,1615,1,0
1149,626,1,0
1221,1609,1,0
1221,1607,1,0
1149,625,1,0
1149,624,1,0
1149,623,1,0
1149,1401,1,0
1221,365,1,0
1221,414,1,0
1221,697,1,0
1221,698,1,0
1221,658,1,0
1221,818,1,0
1221,896,1,0
1221,16,1,0
1149,1641,1,0
1226,1644,1,0
1226,1638,1,0
1226,1636,1,0
1226,1634,1,0
1226,1633,1,0
1226,1632,1,0
1226,1631,1,0
1226,1628,1,0
1226,1627,1,0
1165,1644,1,0
1221,1644,1,0
1221,1246,1,0
1202,1638,1,0
1202,1654,1,0
1202,1644,1,0
1165,1654,1,0
1221,1654,1,0
1229,626,1,0
1150,1654,1,0
1150,1507,1,0
1230,1110,1,0
1230,1226,1,0
1230,1243,1,0
1230,1246,1,0
1230,1654,1,0
1230,1644,1,0
1230,1641,1,0
1230,1640,1,0
1152,1654,1,0
1152,1644,1,0
16,1397,1,0
16,1376,1,0
16,1354,1,0
16,1356,1,1
16,1357,1,0
5,1546,1,0
5,1570,1,0
5,142,1,0
5,629,1,0
5,647,1,0
1202,1641,1,0
1179,1644,1,0
1179,1654,1,0
1179,1640,1,0
1191,885,1,0
1152,1612,1,0
1181,1644,1,0
1181,1640,1,0
1181,1638,1,0
1150,1634,1,0
1232,635,1,0
1232,1654,1,0
1232,1644,1,0
1232,1401,1,0
1232,1399,1,0
1232,1397,1,0
1232,1396,1,0
1150,1610,1,0
1150,1628,1,0
1150,1631,1,0
1150,1632,1,0
1150,1633,1,0
1232,626,1,0
1150,1640,1,0
1150,1638,1,0
1150,1636,1,0
1233,1623,1,0
1233,1654,1,0
1235,1654,1,0
1233,1632,1,0
1216,838,1,0
1216,848,1,0
1216,861,1,0
1216,867,1,0
1216,1352,1,0
1216,1356,1,0
1152,1314,1,0
1152,625,1,0
1152,621,1,0
1152,620,1,0
1191,133,1,0
1191,169,1,0
1152,1087,1,0
1191,658,1,0
1191,816,1,0
1170,1636,1,0
1170,1507,1,0
1170,1654,1,0
1191,164,1,0
1191,365,1,0
1191,32,1,0
1215,1679,1,0
1191,1679,1,0
1191,1654,1,0
1191,1644,1,0
1191,1641,1,0
1191,1640,1,0
1191,1636,1,0
1191,1634,1,0
1191,1633,1,0
1191,1631,1,0
1191,1628,1,0
1191,1616,1,0
1191,1615,1,0
1191,1620,1,0
1191,1623,1,0
1191,1627,1,0
1191,1632,1,0
1191,1638,1,0
1150,1680,1,0
1150,1679,1,0
1152,1680,1,0
1204,1680,1,0
1204,1679,1,0
1204,1654,1,0
1204,1644,1,0
1204,1641,1,0
1204,1640,1,0
1204,1638,1,0
1204,1636,1,0
1204,1634,1,0
1204,1633,1,0
1204,1632,1,0
1204,1628,1,0
1204,1631,1,0
1204,1627,1,0
1204,1623,1,0
1204,1615,1,0
1149,1680,1,0
1186,1680,1,0
1181,1680,1,0
1181,1654,1,0
1191,1680,1,0
1152,1364,1,0
1152,583,1,0
1152,1174,1,0
1152,1159,1,0
1152,1156,1,0
1152,1155,1,0
1152,1154,1,0
1152,1153,1,0
1152,1151,1,0
1150,1684,1,0
1186,1684,1,0
1152,631,1,0
1152,1352,1,0
1152,175,1,0
1152,638,1,0
1152,821,1,0
1152,892,1,0
1152,629,1,0
1152,647,1,0
1152,652,1,0
1191,1684,1,0
5,1686,1,0
1233,1684,1,0
1233,1680,1,0
1233,1679,1,0
1233,1644,1,0
1233,1641,1,0
1233,1640,1,0
1233,1638,1,0
1233,1636,1,0
1233,1634,1,0
1192,1684,1,0
1192,1680,1,0
1233,1213,1,0
1233,1219,1,0
1233,1108,1,0
1233,1234,1,0
1233,1277,1,0
1191,383,1,0
1191,517,1,0
1191,59,1,0
1191,148,1,0
1191,1204,1,0
1191,1228,1,0
1191,15,1,0
1191,1387,1,0
1191,1230,1,0
1191,1343,1,0
1191,1385,1,0
5,1644,1,0
5,1640,1,0
5,1609,1,0
5,1536,1,0
5,1526,1,0
5,1507,1,0
5,1511,1,0
5,1513,1,0
5,1514,1,0
5,1516,1,0
5,1519,1,0
5,1520,1,0
5,1522,1,0
5,1523,1,0
5,626,1,0
5,625,1,0
5,624,1,0
5,623,1,0
5,622,1,0
5,621,1,0
5,620,1,0
5,619,1,1
5,617,1,0
5,613,1,0
5,612,1,0
5,611,1,0
5,1684,1,0
1150,1715,1,0
5,1680,1,0
1152,1679,1,0
1152,1716,1,0
1233,1716,1,0
1233,1715,1,0
1192,1716,1,0
1217,1716,1,0
1191,1386,1,0
1191,1516,1,0
1191,1102,1,0
1152,1410,1,0
1152,1403,1,0
1152,1404,1,0
1152,1406,1,0
1152,1458,1,0
1152,1470,1,0
1152,1471,1,0
1152,1486,1,0
1152,1488,1,0
1152,1528,1,0
1152,1718,1,0
1152,1715,1,0
1152,1464,1,0
1240,1718,1,0
1152,1684,1,0
1152,1407,1,0
1152,1452,1,0
5,1532,1,0
5,46,1,0
5,375,1,0
5,885,1,0
5,133,1,0
5,169,1,0
5,1447,1,0
5,1499,1,0
5,1506,1,0
5,1633,1,0
1,1699,1,1
1,1694,1,0
1,1689,1,1
1,1686,1,1
1150,1676,1,0
1150,1718,1,0
1150,1716,1,0
1,1393,1,0
1,1396,1,1
1,1401,1,1
1,1399,1,0
1,1392,1,1
1212,1396,1,0
1212,1204,1,0
1212,1228,1,0
1212,1610,1,0
1221,1653,1,0
1221,1652,1,0
1221,1651,1,0
1221,1639,1,0
1221,1718,1,0
1221,1676,1,0
1191,1238,1,0
1191,1237,1,0
1191,1140,1,0
1191,1357,1,0
1191,1100,1,0
1191,782,1,0
1191,798,1,0
1191,1607,1,0
1191,1643,1,0
1233,1718,1,0
1233,1676,1,0
1233,1675,1,0
1233,1672,1,0
1233,1671,1,0
1233,1662,1,0
1233,1658,1,0
1152,1699,1,0
1152,1689,1,0
1191,1651,1,0
1235,1466,1,0
1191,1715,1,0
1191,1718,1,0
1221,1230,1,0
1221,1387,1,0
1221,1343,1,0
1221,30,1,0
1221,213,1,0
1221,1716,1,0
1221,1715,1,0
1221,1684,1,0
1221,1680,1,0
1221,1679,1,0
1221,1675,1,0
1221,1672,1,0
1221,1671,1,0
1221,1662,1,0
1221,1658,1,0
1216,1672,1,0
1216,1699,1,0
1216,1694,1,0
1216,1689,1,0
1216,1686,1,0
1216,1401,1,0
1216,1399,1,0
1216,1397,1,0
1216,1396,1,0
1220,1283,1,0
1215,1633,1,0
1215,1345,1,0
152,422,1,0
152,631,1,0
1195,1716,1,0
1195,1715,1,0
1195,1680,1,0
1195,1679,1,0
1195,1675,1,0
1195,1671,1,0
1195,1662,1,0
1195,1658,1,0
1226,1645,1,0
1226,1642,1,0
1226,1643,1,0
1226,1480,1,0
1226,1531,1,0
1226,1675,1,0
1226,1718,1,0
1226,1716,1,0
1226,1715,1,0
1242,1536,1,0
1215,1448,1,0
1215,1456,1,0
1215,1458,1,0
1215,1373,1,0
1215,30,1,0
1215,213,1,0
1215,247,1,0
1215,422,1,0
1215,773,1,0
1215,167,1,0
1215,654,1,0
1215,816,1,0
1215,1616,1,0
1215,1637,1,0
1235,1477,1,0
1235,1478,1,0
1235,1476,1,0
1235,694,1,0
1235,774,1,0
1235,914,1,0
1235,816,1,0
1235,1782,1,0
1226,1790,1,0
1226,1793,1,0
1226,1797,1,0
1226,1791,1,0
1226,1783,1,0
1235,1787,1,0
1215,1798,1,0
1215,1799,1,0
1215,1800,1,0
1249,1800,1,1
1218,726,1,0
1218,772,1,0
1218,788,1,0
1218,1800,1,1
1218,1699,1,1
1218,1088,1,1
1152,1800,1,0
1152,1799,1,0
1152,1797,1,0
1152,1793,1,0
1152,1790,1,0
1152,1787,1,0
1152,1786,1,0
1152,1785,1,0
1152,1784,1,0
1152,1783,1,0
1221,1801,1,0
1221,1800,1,0
1221,1799,1,0
1221,1798,1,0
1221,1797,1,0
1221,1232,1,0
1221,1240,1,0
1221,1250,1,0
1221,1251,1,0
1221,1503,1,0
1221,1517,1,0
1221,1643,1,0
1221,1410,1,0
1221,1522,1,0
1228,1804,1,1
1228,1803,1,1
1228,1802,1,1
1132,1699,1,0
1132,1689,1,0
1132,1355,1,0
1152,1806,1,0
1152,1802,1,0
1152,1803,1,0
1152,1804,1,0
1152,1805,1,0
152,698,1,0
152,697,1,0
1185,1268,1,0
1215,1808,1,0
1235,1783,1,0
1235,1784,1,0
1235,1785,1,0
1235,1786,1,0
1235,1790,1,0
1235,1791,1,0
1191,1798,1,0
1244,1822,1,0
1244,1352,1,0
1244,422,1,0
1244,1824,1,0
1105,546,1,0
1105,1140,1,0
1105,692,1,0
1105,142,1,0
1152,1824,1,0
1244,1517,1,1
1244,1525,1,0
1244,1654,1,0
1244,1653,1,0
1250,1824,1,0
1250,1822,1,0
1250,1699,1,0
1191,1822,1,0
1235,1840,1,0
1235,1841,1,0
1235,1842,1,0
1235,1843,1,0
1235,1844,1,0
1235,1845,1,0
1235,1839,1,0
1251,1501,1,0
1251,1488,1,0
1251,1848,1,0
1251,1847,1,0
1244,790,1,0
1244,1858,1,0
1244,1853,1,0
1244,1849,1,0
1244,1848,1,0
1244,1846,1,0
1251,1859,1,0
1251,1858,1,0
1228,1805,1,1
1228,1806,1,1
1221,1867,1,0
1221,1866,1,0
1221,1865,1,0
1221,1864,1,0
1221,1863,1,0
1221,1862,1,0
1221,1861,1,0
1221,1860,1,0
1221,1859,1,0
1221,1858,1,0
1221,1857,1,0
1221,1856,1,0
1221,1853,1,0
1221,1852,1,0
1244,1868,1,0
1227,1871,1,0
1253,1293,1,0
1204,1872,1,0
1204,1871,1,0
1204,1869,1,0
1256,897,1,0
1256,972,1,0
1256,1491,1,0
1256,1653,1,0
1215,1876,1,0
1235,1875,1,1
1235,1876,1,0
1235,1874,1,1
1235,1872,1,0
1181,1844,1,0
1181,1824,1,0
1181,1876,1,0
1250,848,1,0
1181,1871,1,0
1181,1879,1,0
1181,1881,1,0
1181,1882,1,0
1191,1871,1,0
1191,1869,1,0
1191,1868,1,0
1191,1867,1,0
1191,1866,1,0
1191,1865,1,0
1191,1864,1,0
1191,1863,1,0
1191,1862,1,0
1191,1800,1,0
1191,1802,1,0
1191,1803,1,0
1191,1804,1,0
1191,1805,1,0
1191,1806,1,0
1191,1808,1,0
1191,1824,1,0
1191,1837,1,0
1191,1840,1,0
1191,1845,1,0
1191,1842,1,0
1191,1841,1,0
1191,1844,1,0
1191,1846,1,0
1191,1847,1,0
1191,1848,1,0
1191,1849,1,0
1191,1850,1,0
1191,1852,1,0
1191,1853,1,0
1191,1856,1,0
1191,1858,1,0
1251,1881,1,0
1251,1882,1,0
1251,1879,1,0
1181,1889,1,0
1181,1887,1,0
1181,1886,1,0
1181,1884,1,0
1181,1878,1,1
1226,1887,1,0
1226,1884,1,0
1226,1885,1,0
1226,1886,1,0
1226,1890,1,1
1226,1889,1,0
1226,1882,1,0
1226,1881,1,0
1226,1879,1,0
1226,1878,1,0
1226,1876,1,0
1226,1875,1,0
1226,1874,1,0
1226,1872,1,0
1191,1882,1,0
1221,1889,1,0
1235,1915,1,0
1235,1918,1,0
1235,1950,1,0
1235,1949,1,0
1235,1948,1,0
1235,1945,1,0
1228,1947,1,0
1228,1958,1,1
1228,1971,1,0
1228,1970,1,0
1228,1969,1,0
1235,2009,1,0
1235,2010,1,0
1181,2010,1,0
1181,2009,1,0
196,1251,1,0
196,1224,1,0
196,167,1,0
196,631,1,0
1235,2015,1,0
1235,2016,1,0
1235,2037,1,0
1258,2020,1,0
1258,1853,1,0
1258,1858,1,0
1258,2015,1,0
1155,2038,1,0
1155,2037,1,0
1259,1634,1,0
1259,634,1,0
1259,626,1,0
1252,1088,1,0
1191,1448,1,0
1240,2064,1,0
1240,2065,1,0
1205,1929,1,0
1235,2036,1,0
1235,2035,1,0
1235,2032,1,0
1235,2033,1,0
1235,2018,1,0
1216,2087,1,0
1216,1755,1,0
1216,2088,1,0
1216,2090,1,0
1149,2089,1,0
1216,2096,1,0
1240,2083,1,0
1240,2082,1,0
1240,2081,1,0
1240,2079,1,0
1228,1984,1,0
1228,1985,1,0
1228,1990,1,0
1228,1965,1,0
1228,1546,1,0
1228,1612,1,0
1228,1615,1,0
1228,1570,1,0
1228,1641,1,0
1228,1640,1,0
1228,1975,1,0
1228,1976,1,0
1228,1599,1,0
1228,1512,1,0
1228,1514,1,0
1228,1530,1,0
1228,1536,1,0
1254,2131,1,0
1254,2143,1,1
1216,2148,1,0
1216,2153,1,0
1185,1314,1,0
1216,2152,1,0
1216,2154,1,0
1216,2155,1,0
1216,2160,1,0
1216,2162,1,0
1216,2166,1,0
1216,2165,1,0
1216,2164,1,0
1216,2170,1,0
1216,2171,1,0
1216,2172,1,0
1216,2173,1,0
1216,2174,1,0
1216,2182,1,0
1228,1846,1,0
1228,1922,1,0
1228,1491,1,0
1228,1505,1,0
1228,1518,1,0
1216,1392,1,0
1216,1387,1,0
1216,1386,1,0
1216,1385,1,0
1216,2190,1,0
1228,2204,1,0
1228,2203,1,0
1228,2202,1,0
1228,2201,1,0
1228,2199,1,0
1228,2200,1,0
1228,2198,1,0
1228,2189,1,0
1181,2136,1,0
5,2099,1,0
1132,1694,1,0
1132,1393,1,0
1132,1686,1,0
1155,1793,1,0
1155,1847,1,0
1155,1875,1,0
1155,1952,1,0
1155,1981,1,0
1155,2000,1,0
1155,2024,1,0
1155,2204,1,0
1155,2208,1,0
1155,2209,1,0
1244,2221,1,0
1244,1949,1,0
1155,2224,1,0
1155,2223,1,0
1155,2222,1,0
1155,2226,1,0
1155,2221,1,0
1155,2220,1,0
1155,2227,1,0
1155,2225,1,0
1155,2229,1,0
1226,2125,1,0
1226,2127,1,0
1226,2121,1,0
1226,2231,1,0
1233,2240,1,0
1233,2239,1,0
1233,2236,1,0
1233,2234,1,0
1233,2233,1,0
1233,2231,1,0
1233,2230,1,0
1228,2104,1,0
1228,2105,1,0
1155,2241,1,0
1155,2242,1,0
1155,2243,1,0
1155,2244,1,0
1155,2245,1,0
1216,2245,1,0
1228,2160,1,0
1228,2216,1,0
1228,2226,1,0
1228,2236,1,0
1228,1410,1,0
1228,1507,1,0
1228,1520,1,0
1228,1822,1,0
1228,1839,1,0
1228,1852,1,0
1228,1864,1,0
1228,1647,1,0
1228,1881,1,0
1228,2192,1,0
1228,2191,1,0
1150,1675,1,0
1150,1662,1,0
1155,2247,1,0
1155,2248,1,0
1228,2196,1,0
1228,2195,1,0
1228,1785,1,0
1240,2264,1,0
1240,2263,1,0
1155,2264,1,0
1155,2263,1,0
1155,2262,1,0
1155,2261,1,0
1155,2260,1,0
1155,2259,1,0
1155,2258,1,0
1155,2257,1,0
1155,2256,1,0
1155,2255,1,0
1155,2254,1,0
1152,2264,1,0
1039,1686,1,1
139,1224,1,0
1039,2127,1,0
1039,2134,1,0
1039,2161,1,0
1039,1806,1,0
1039,1838,1,0
1039,1856,1,0
5,1393,1,0
5,1699,1,0
1039,1909,1,0
5,1383,1,0
1039,1489,1,0
1039,1503,1,0
1039,1917,1,0
1039,1464,1,0
1039,1480,1,0
1039,1945,1,0
1039,1699,1,0
1039,1694,1,0
1039,1689,1,0
5,1396,1,0
5,1694,1,0
5,1361,1,0
5,1387,1,0
5,773,1,0
5,164,1,0
5,517,1,0
1039,365,1,0
5,148,1,0
5,59,1,0
5,797,1,0
5,1214,1,0
5,814,1,0
1039,1230,1,0
1039,1393,1,0
1039,1345,1,0
1039,1397,1,0
1039,1384,1,0
5,1642,1,0
1039,2031,1,0
1039,2035,1,0
1039,2037,1,0
1039,1380,1,0
1039,1364,1,0
1039,1354,1,0
1039,1383,1,0
1039,167,1,0
1039,816,1,0
1039,2083,1,0
1039,1649,1,0
1039,1650,1,0
1039,1356,1,0
1039,1376,1,0
1039,1374,1,0
1039,2264,1,0
1039,2263,1,0
1039,2262,1,0
1039,2261,1,0
1216,2265,1,0
16,1393,1,0
16,1694,1,0
16,1699,1,0
16,1374,1,0
1216,2266,1,0
5,1386,1,0
5,548,1,0
5,376,1,0
5,914,1,0
5,1366,1,0
1039,59,1,0
1039,2005,1,0
1039,2013,1,0
1267,2267,1,0
1267,2266,1,0
1267,2265,1,0
1267,2264,1,0
1267,2253,1,0
1039,2029,1,0
1267,2263,1,0
1267,2262,1,0
1267,2261,1,0
1267,2176,1,0
1267,1699,1,0
1267,635,1,0
1269,2158,1,0
1269,2204,1,0
1269,2235,1,0
1269,2239,1,0
1268,2270,1,0
1267,2270,1,0
1268,2273,1,0
1267,2271,1,0
5,2197,1,0
5,2230,1,0
1271,635,1,0
1152,2273,1,0
1152,2271,1,0
1152,2265,1,0
1277,2273,1,0
1275,2196,1,0
1275,2198,1,0
1275,2188,1,0
1275,2276,1,0
1275,2275,1,0
1275,2274,1,0
1275,2273,1,0
1270,1570,1,0
1270,1599,1,0
1270,1610,1,0
1270,1619,1,0
1270,1480,1,0
1270,1531,1,0
1270,1596,1,0
1039,1386,1,0
1039,1385,1,0
1268,2276,1,0
1268,2275,1,0
1268,2274,1,0
1275,2278,1,0
1268,2278,1,0
1268,2280,1,0
1275,2280,1,0
1275,2281,1,0
1191,2278,1,0
1191,2281,1,0
1191,2230,1,0
1267,2284,1,0
1267,2281,1,0
1267,2280,1,0
1267,2279,1,0
1267,2278,1,0
1267,2276,1,0
1267,2275,1,0
1267,2274,1,0
1267,2273,1,0
1275,2286,1,0
1279,2288,1,0
1279,2289,1,0
1279,1472,1,0
1279,1469,1,0
1275,2290,1,0
1275,2288,1,0
1279,2291,1,0
1279,2290,1,0
1279,2284,1,0
1279,2282,1,0
1279,2281,1,0
1279,2218,1,0
1279,1864,1,0
1279,1881,1,0
1279,1907,1,0
1281,1293,1,0
1281,1292,1,0
1281,1305,1,0
1281,1263,1,0
1277,2291,1,0
1277,2290,1,0
1277,2289,1,0
1277,2288,1,0
1277,634,1,0
1277,459,1,0
1277,784,1,0
1277,626,1,0
1277,624,1,0
1277,622,1,0
1277,621,1,0
1280,2295,1,0
1275,2297,1,0
1287,2297,1,0
1283,2289,1,0
1283,2294,1,0
1283,2297,1,0
1283,2296,1,0
1283,2264,1,0
1283,2281,1,0
1283,2302,1,0
1283,2301,1,0
1283,2288,1,0
1283,2286,1,0
1283,2284,1,0
1283,2283,1,0
1283,2280,1,0
1266,2161,1,0
1266,2179,1,0
1266,2181,1,0
1266,1972,1,0
1283,1464,1,0
1283,1480,1,0
1283,1531,1,1
1283,2290,1,0
1283,634,1,0
1283,1699,1,0
1283,2295,1,0
1283,2353,1,0
1215,2353,1,0
1215,2294,1,0
1215,2302,1,0
1215,2301,1,0
1283,2358,1,0
1228,2153,1,0
1228,2227,1,0
1228,2252,1,0
1228,2089,1,0
1228,2098,1,0
1228,2109,1,0
1228,2111,1,0
1228,2112,1,0
1228,1856,1,0
1291,634,1,0
1291,784,1,0
1228,2000,1,0
1228,2070,1,0
1228,2076,1,0
1228,2024,1,0
1228,1652,1,0
1228,1653,1,0
1296,2184,1,0
1296,2187,1,0
1296,2189,1,0
1296,2197,1,0
1228,1654,1,0
1228,1676,1,0
1228,1980,1,0
1296,1921,1,0
1228,1995,1,0
1228,2011,1,0
1228,1525,1,0
1299,2358,1,0
1,2353,1,0
1299,1073,1,0
1299,1071,1,0
1299,1070,1,0
1299,1069,1,0
1286,2353,1,0
1286,2360,1,0
1299,2118,1,0
1299,2127,1,0
1299,2134,1,0
152,365,1,0
152,59,1,0
1301,2360,1,0
1302,2358,1,0
1302,2353,1,0
1296,2366,1,0
1267,2360,1,0
1267,2358,1,0
1267,2353,1,0
1267,2302,1,0
1267,2301,1,0
1267,2297,1,0
1267,2296,1,0
1267,2295,1,0
1267,2294,1,0
1267,2291,1,0
1267,2290,1,0
1267,2289,1,0
1267,2288,1,0
1267,2286,1,0
1267,2285,1,0
1267,2283,1,0
1303,1699,1,0
1303,1694,1,0
1303,635,1,0
1306,2295,1,0
1306,2302,1,0
1306,2280,1,0
1302,2000,1,0
1302,1981,1,0
1302,2254,1,0
1302,2259,1,0
1302,2253,1,0
1302,2267,1,0
1310,1070,1,0
1310,2360,1,0
1310,2358,1,0
1310,2302,1,0
1310,2301,1,0
1304,2387,1,0
1039,2387,1,0
1039,2360,1,0
1039,2358,1,0
1039,2353,1,0
1039,2302,1,0
1039,2301,1,0
1039,2297,1,0
1039,2296,1,0
1039,2295,1,0
1039,2294,1,0
1039,2291,1,0
1039,2290,1,0
1039,2289,1,0
1039,1514,1,0
1039,1518,1,0
1039,1530,1,0
1039,1536,1,0
1039,2284,1,0
1039,1983,1,0
1039,2014,1,0
1039,2032,1,0
1039,2038,1,0
1039,1646,1,0
1039,2231,1,0
1039,2247,1,0
1039,2248,1,0
1039,1844,1,0
1039,1862,1,0
1039,1886,1,0
1,1520,1,0
1228,2387,1,0
5,1363,1,0
5,1353,1,0
1311,2224,1,0
1311,2197,1,0
1312,1987,1,0
1312,2389,1,0
1313,1930,1,0
1313,1950,1,0
1313,1966,1,0
1313,1969,1,0
1313,2223,1,0
1279,2293,1,0
1301,2433,1,0
1316,2134,1,0
1316,2161,1,0
1105,629,1,1
1105,58,1,0
1105,1205,1,0
1105,848,1,0
1105,1217,1,0
1317,1768,1,0
1317,1780,1,0
1317,1783,1,0
1317,1785,1,0
1216,2267,1,0
1316,2434,1,0
1316,2433,1,0
1316,1648,1,0
1316,1718,1,0
1316,1603,1,0
1299,2434,1,0
1299,2433,1,0
1,35,1,0
1283,2436,1,0
1283,2435,1,0
1301,2438,1,0
1319,1528,1,0
1319,1627,1,0
1319,1642,1,0
1319,1716,1,0
1319,1639,1,0
1319,1634,1,0
1319,1474,1,0
1319,1514,1,0
1319,1518,1,0
1319,1536,1,0
1319,1799,1,0
1319,1806,1,0
1319,2297,1,0
1319,2303,1,0
1319,2388,1,0
1319,1679,1,0
1319,1684,1,0
1319,1771,1,0
1279,2292,1,0
1319,1784,1,0
1319,2238,1,0
1319,2232,1,0
1319,1607,1,0
1319,1680,1,0
1319,1739,1,0
1319,1867,1,0
1319,1889,1,0
1319,1915,1,0
1319,1808,1,0
1304,2389,1,0
1304,2390,1,0
1,2438,1,0
1,2391,1,0
1,2433,1,0
1,2435,1,0
1319,2107,1,0
1319,2113,1,0
1319,1643,1,0
1319,1651,1,0
1319,1773,1,0
1319,1822,1,0
1319,1921,1,0
1319,1949,1,0
1319,1952,1,0
1319,1846,1,0
1319,1922,1,0
1319,1947,1,0
1319,1725,1,0
1319,1940,1,0
1319,1798,1,0
1319,2222,1,0
1319,2241,1,0
1319,2294,1,0
1319,2248,1,0
1319,2247,1,0
1319,2305,1,0
1319,1999,1,0
1319,2033,1,0
1319,2088,1,0
1319,2144,1,0
1319,2160,1,0
1319,1596,1,0
1319,1623,1,0
1319,1652,1,0
1319,1645,1,0
1319,1966,1,0
1319,1969,1,0
1319,1970,1,0
1319,1990,1,0
1319,1472,1,0
1319,1345,1,0
1319,2005,1,0
1319,2013,1,0
1319,2031,1,0
1319,1516,1,0
1319,1628,1,0
1319,1657,1,0
1319,1790,1,0
1319,2077,1,0
1319,2118,1,0
1319,2127,1,0
1319,2134,1,0
1319,1981,1,0
1319,2000,1,0
1319,2024,1,0
1319,2070,1,0
1319,2076,1,0
1310,2438,1,0
1310,2436,1,0
1310,2434,1,0
1310,2433,1,0
1310,2391,1,0
1310,2390,1,0
1310,2388,1,0
1310,2387,1,0
1310,2384,1,0
1319,1741,1,0
1319,1908,1,0
1319,2190,1,0
1319,2279,1,0
1319,2281,1,0
1320,2438,1,0
1320,2436,1,0
1320,2435,1,0
1320,2434,1,0
1320,2433,1,0
1319,1890,1,0
1319,1503,1,0
1319,1511,1,0
1319,1513,1,0
1319,1525,1,0
1319,1950,1,0
1284,2461,1,0
1284,2460,1,0
1,358,1,1
1,540,1,1
1,173,1,0
1,948,1,1
1,499,1,1
1,1026,1,0
1228,797,1,0
1228,914,1,0
1228,34,1,0
1235,1699,1,0
1323,1151,1,0
1323,1213,1,0
1317,898,1,0
1317,944,1,0
1317,972,1,0
5,1026,1,0
1039,1396,1,0
1039,1343,1,0
1039,1026,1,0
1323,1354,1,0
1323,1385,1,0
1323,1387,1,0
1323,1362,1,0
1323,1363,1,0
1323,1373,1,0
1317,723,1,0
1317,791,1,0
1317,847,1,0
1317,866,1,0
1317,1088,1,0
1317,1087,1,0
1323,390,1,0
1323,1356,1,0
1323,942,1,0
1323,1060,1,0
1039,1352,1,0
1323,1007,1,0
1323,939,1,0
1323,1376,1,0
1323,1384,1,0
1323,1694,1,0
1323,499,1,0
1039,326,1,0
1324,213,1,0
1324,626,1,0
1317,1147,1,0
1155,697,1,0
1155,414,1,0
1321,461,1,0
1321,513,1,0
1039,1108,1,0
1039,372,1,0
1039,396,1,0
1039,2495,1,0
1039,1361,1,0
1324,1699,1,0
1324,1694,1,0
1324,2495,1,0
1324,1387,1,0
1328,1111,1,0
1327,1245,1,0
1328,1209,1,0
1328,1212,1,0
1328,1237,1,0
1328,785,1,0
1328,834,1,0
1328,844,1,0
1327,27,1,0
1327,171,1,1
1327,461,1,1
1327,513,1,1
1327,651,1,1
1327,148,1,0
1327,152,1,0
1327,358,1,1
1327,376,1,1
1327,546,1,1
1327,1211,1,1
1132,2495,1,0
5,1293,1,0
1278,1981,1,0
1321,2503,1,1
1321,2501,1,0
1321,2500,1,0
1283,2478,1,0
1283,2477,1,0
1283,2476,1,0
5,2514,1,0
1228,2502,1,0
1228,1886,1,0
1228,1890,1,0
1228,2171,1,0
1228,2190,1,0
1228,2232,1,0
1,2488,1,0
1,2487,1,0
1,2491,1,0
1,2489,1,0
1,2492,1,0
1039,1248,1,0
1039,1247,1,0
1039,1242,1,0
5,2366,1,0
1039,1117,1,0
1039,538,1,0
5,154,1,0
5,516,1,0
1310,625,1,0
1310,626,1,0
1313,867,1,0
1313,167,1,0
1313,365,1,0
1313,422,1,0
1039,1104,1,0
1039,1109,1,0
1039,1111,1,0
1039,1209,1,0
1039,1212,1,0
1039,1244,1,0
1039,1370,1,0
1039,133,1,0
1039,169,1,0
1039,692,1,0
1039,1284,1,0
1039,19,1,0
1039,38,1,0
1039,154,1,0
1039,516,1,0
1228,153,1,0
1228,722,1,0
1228,786,1,0
1228,1379,1,0
1228,27,1,0
1228,49,1,0
1039,1392,1,0
1313,1366,1,0
1313,383,1,0
1313,1387,1,0
1313,896,1,0
1313,1357,1,0
1331,1305,1,0
1331,1263,1,1
1293,416,1,0
1313,1392,1,0
1,1249,1,1
1,2495,1,1
152,1026,1,0
152,499,1,0
152,948,1,0
152,1205,1,0
1293,27,1,0
1293,49,1,0
1293,82,1,0
1293,135,1,0
1293,1227,1,0
1293,1283,1,0
1293,153,1,0
1293,658,1,0
1293,1381,1,0
1319,816,1,0
1319,1358,1,0
1319,1206,1,0
1319,1227,1,0
1319,1379,1,0
1319,27,1,0
1319,49,1,0
1319,82,1,0
1319,782,1,0
1319,590,1,0
1313,1109,1,0
1313,1111,1,0
1,943,1,0
1,1028,1,0
1,86,1,1
1313,513,1,0
1313,627,1,0
5,2495,1,0
5,499,1,1
5,817,1,0
5,948,1,0
5,774,1,0
1336,1293,1,0
1336,1292,1,0
5,1102,1,0
1293,816,1,0
1,377,1,0
1,1175,1,0
1,1179,1,0
1,1021,1,0
5,1225,1,0
1340,626,1,0
1340,633,1,0
1340,634,1,0
1340,67,1,1
1340,66,1,0
1340,1176,1,0
1340,2366,1,0
1341,1079,1,0
1341,1064,1,0
1341,1087,1,0
1342,638,1,1
1343,1293,1,0
152,1021,1,0
152,1175,1,0
152,1179,1,0
1347,30,1,0
1347,129,1,1
1347,213,1,1
1347,247,1,1
1347,49,1,1
1010,2495,1,0
1010,1699,1,0
1010,1694,1,0
1010,1689,1,0
1039,1346,1,0
1039,1366,1,0
1039,1355,1,0
1349,2495,1,0
5,1392,1,0
5,1399,1,0
5,1401,1,0
5,1689,1,0
152,789,1,0
1244,2495,1,0
1244,1699,1,0
1350,1301,1,0
1039,1189,1,0
480,1230,1,0
480,1021,1,0
480,816,1,0
1355,1699,1,0
1039,1367,1,0
1039,1359,1,0
1356,1305,1,0
1356,1288,1,0
1356,1263,1,0
1357,1377,1,1
1357,1384,1,1
1357,1689,1,1
1228,2495,1,0
1228,1699,1,0
1228,1694,1,0
1228,1686,1,0
1228,1401,1,0
1228,1358,1,0
1228,1359,1,0
1228,1311,1,0
1228,1310,1,0
1228,1397,1,0
1228,1242,1,0
1228,1399,1,0
1228,2366,1,0
1359,1304,1,0
1359,1301,1,0
1359,1307,1,0
1359,1265,1,0
1359,1308,1,0
1359,1268,1,0
1359,1302,1,0
1359,1294,1,0
1359,1303,1,0
1359,1286,1,0
1359,1262,1,0
1359,1306,1,0
1359,1314,1,0
1359,1289,1,0
1359,1291,1,0
1359,1297,1,0
1359,1313,1,0
1359,1305,1,0
1359,1282,1,0
1359,1256,1,0
1359,1293,1,0
1359,1309,1,0
1359,1272,1,0
1359,1264,1,0
1359,1292,1,0
1359,1257,1,0
1359,1252,1,0
1359,1263,1,0
1359,1312,1,0
1359,1285,1,0
1359,1298,1,0
1359,1310,1,0
1359,1281,1,0
5,1179,1,0
5,35,1,0
5,1021,1,0
5,34,1,0
5,820,1,0
5,867,1,0
5,897,1,0
5,898,1,1
5,1251,1,0
5,696,1,0
5,213,1,0
5,129,1,0
5,813,1,0
5,848,1,0
5,888,1,0
1105,1179,1,0
1105,1026,1,0
1105,358,1,0
1105,1250,1,0
1105,769,1,0
1105,790,1,0
1105,811,1,0
1105,590,1,0
1105,1232,1,0
1105,499,1,0
1105,1249,1,0
1105,788,1,0
1105,772,1,0
1105,247,1,0
1105,364,1,0
1105,627,1,0
1105,822,1,0
1105,842,1,0
1105,375,1,0
1105,898,1,0
1105,1057,1,0
1105,558,1,0
1105,1105,1,0
1105,813,1,0
1105,434,1,0
1105,812,1,0
1105,1228,1,0
1105,885,1,0
1105,862,1,0
1105,918,1,0
1105,213,1,0
1360,1293,1,0
1360,1292,1,1
1360,1305,1,1
1360,1263,1,1
1360,1288,1,1
1360,1298,1,1
1361,1189,1,0
1361,1251,1,0
1361,1247,1,0
1361,1213,1,0
1361,1250,1,0
5,1088,1,0
5,1087,1,0
1348,135,1,0
1348,156,1,0
1039,1357,1,1
1039,1372,1,0
1039,1399,1,0
1039,1375,1,0
1039,1377,1,0
1363,1293,1,0
1363,1292,1,0
1363,1305,1,0
1363,1263,1,0
1363,1288,1,0
1363,1298,1,0
1363,1285,1,0
1363,1252,1,0
1363,1264,1,0
1363,1257,1,1
1363,1281,1,0
1363,1304,1,0
1363,1301,1,0
1363,1307,1,0
1363,1312,1,0
1363,1265,1,0
1363,1308,1,0
905,1078,1,0
1230,2366,1,0
1364,1345,1,0
1364,1397,1,0
1362,1283,1,0
1366,1387,1,0
1366,1401,1,0
1366,1377,1,0
1366,1384,1,0
1366,1689,1,0
1367,1365,1,1
1367,1364,1,0
1367,1363,1,0
1367,1399,1,0
1368,1305,1,0
1368,1263,1,0
1368,1288,1,0
1368,1298,1,0
18,1699,1,0
18,1392,1,0
18,1372,1,0
18,1396,1,0
18,1393,1,0
18,1386,1,0
18,1385,1,0
18,1379,1,0
18,1397,1,0
18,1381,1,0
18,1374,1,0
18,1376,1,0
18,1375,1,0
18,1694,1,0
18,1383,1,0
18,1399,1,0
18,1380,1,0
1369,1387,1,0
1369,1401,1,0
1369,1377,1,0
1369,1384,1,0
1369,1689,1,0
1369,1399,1,0
18,1235,1,0
1369,1699,1,0
18,918,1,0
18,1208,1,0
1369,1380,1,0
18,842,1,0
18,1105,1,0
18,812,1,0
1369,1345,1,0
1369,1694,1,0
1369,1397,1,0
1369,1376,1,0
1369,1374,1,0
1369,1383,1,0
1369,1393,1,0
1369,1354,1,0
1369,1375,1,0
1369,1356,1,0
1369,1352,1,0
1369,1361,1,0
1369,1385,1,0
1369,1364,1,0
1369,1346,1,0
1369,1392,1,0
1369,1359,1,0
1369,1355,1,0
1369,1373,1,0
1369,1372,1,0
1369,1357,1,0
1369,1379,1,0
1369,1367,1,0
1369,1370,1,0
5,1235,1,0
5,812,1,0
5,918,1,1
5,842,1,0
5,1105,1,0
5,726,1,0
5,862,1,0
5,1249,1,0
5,1228,1,0
5,39,1,1
5,652,1,0
5,641,1,0
5,1100,1,0
5,695,1,0
1370,1387,1,0
1370,1401,1,0
1370,1377,1,0
1370,1384,1,0
1370,1689,1,0
1370,1399,1,0
1370,1699,1,0
1370,1380,1,0
1370,1393,1,0
1370,1686,1,0
1370,1346,1,0
1372,1401,1,0
1372,1377,1,0
1372,1384,1,0
1372,1689,1,0
1372,1399,1,0
1322,2495,1,0
1322,1689,1,0
678,812,1,0
1216,2495,1,0
1216,626,1,0
1216,1345,1,0
1216,63,1,0
1216,812,1,0
1216,1359,1,0
1216,726,1,0
1039,812,1,0
1348,864,1,0
1348,921,1,0
1348,983,1,0
5,1078,1,0
5,788,1,1
5,1345,1,0
5,1343,1,0
5,1380,1,1
5,1376,1,0
5,1375,1,0
5,1354,1,0
5,1364,1,0
5,1356,1,0
5,1352,1,0
5,1351,1,0
5,1377,1,0
5,1370,1,0
5,1373,1,0
5,1379,1,1
5,1372,1,0
5,1381,1,0
5,364,1,0
5,590,1,0
5,1230,1,0
5,1224,1,0
5,167,1,1
5,365,1,0
5,422,1,0
5,414,1,0
5,972,1,0
5,790,1,0
5,1217,1,0
5,944,1,0
5,1232,1,0
5,815,1,0
5,168,1,0
5,627,1,1
5,176,1,0
5,782,1,0
5,691,1,0
5,776,1,0
5,798,1,0
5,861,1,0
5,698,1,1
5,100,1,0
5,822,1,0
5,838,1,0
5,247,1,0
5,358,1,0
5,865,1,0
5,434,1,0
5,583,1,0
5,1103,1,0
5,379,1,0
5,1060,1,0
5,1007,1,0
5,866,1,0
5,147,1,0
5,1283,1,0
5,1276,1,0
5,1291,1,0
5,1294,1,0
5,1297,1,0
5,1302,1,0
5,1262,1,0
5,1290,1,0
5,1313,1,0
5,1289,1,0
5,47,1,0
5,138,1,0
5,363,1,0
5,436,1,0
5,1236,1,1
1032,1694,1,0
1322,1699,1,0
1322,1401,1,0
1322,1397,1,0
1322,1396,1,0
1322,1392,1,0
1322,1387,1,0
1322,1386,1,0
1322,1247,1,0
1322,1243,1,0
1322,1262,1,0
1,1345,1,1
1,1343,1,1
1,1376,1,1
1,1371,1,0
1,1374,1,1
1,1375,1,1
1,1353,1,1
1,1373,1,1
1,1363,1,1
1,1355,1,1
1,1346,1,1
1,1359,1,0
1,1354,1,0
1,1358,1,0
1,1362,1,0
1,1344,1,1
1,1356,1,0
1,1361,1,1
1,1357,1,1
1,1364,1,0
1,1365,1,0
1,1372,1,1
1,1367,1,1
1,1352,1,1
1,1366,1,0
1375,626,1,0
1376,1293,1,0
1376,1292,1,1
1376,1263,1,1
1376,1288,1,1
1376,1298,1,1
1376,1285,1,1
1376,1252,1,1
1376,1264,1,0
1376,1257,1,1
1376,1281,1,0
1376,1304,1,1
1376,1301,1,0
1132,1363,1,0
1377,1243,1,0
5,2635,1,0
1,2636,1,0
1,2635,1,1
1,2637,1,0
1,2633,1,1
1,2634,1,1
1,812,1,0
1,1235,1,0
1,842,1,0
1,918,1,0
1,1105,1,0
1,773,1,0
1,726,1,1
1,898,1,0
1,59,1,0
1,590,1,1
1,694,1,0
1,30,1,0
1,1226,1,0
1,1228,1,0
1,1110,1,1
1,798,1,1
1194,2637,1,0
1194,2635,1,0
1194,2634,1,0
1194,2633,1,0
1194,2495,1,0
1194,1699,1,0
1194,1694,1,0
1194,1399,1,0
1194,1401,1,0
1194,1392,1,0
1194,1393,1,0
1194,2366,1,0
1,1247,1,0
1194,1251,1,0
1194,1248,1,0
1194,1247,1,0
1,1248,1,0
1194,1246,1,0
1194,1245,1,0
1194,1244,1,0
1,1246,1,0
1,1245,1,1
1194,1243,1,0
1,1244,1,0
1194,1242,1,0
1,1243,1,0
5,2634,1,0
1194,1239,1,0
1194,1238,1,0
1194,1237,1,0
1194,1236,1,0
1194,1235,1,0
1194,769,1,0
1194,782,1,0
1194,791,1,0
1,788,1,0
1194,838,1,0
1194,358,1,0
1194,390,1,0
1194,426,1,0
1194,60,1,0
1194,142,1,0
1194,171,1,0
1194,1367,1,0
1194,50,1,0
1194,177,1,0
1194,362,1,0
1194,415,1,0
1,152,1,1
1194,920,1,0
1,422,1,0
1,817,1,0
1194,943,1,0
1194,1028,1,0
1194,1266,1,0
1194,1282,1,0
1194,1287,1,0
1194,1294,1,0
1194,133,1,0
1194,213,1,0
1194,365,1,0
1194,385,1,0
1194,434,1,0
1194,160,1,0
1194,631,1,0
1194,696,1,0
1194,722,1,0
1194,786,1,0
1194,650,1,0
1194,1179,1,0
1194,1219,1,0
1194,1373,1,0
1194,167,1,0
1,364,1,0
1194,629,1,0
1,32,1,1
1,548,1,0
1,383,1,0
1194,776,1,0
1194,798,1,0
1194,1379,1,0
1194,915,1,0
1194,939,1,0
1194,36,1,0
1,816,1,0
1,813,1,0
1,814,1,1
1,629,1,1
1,167,1,0
1,789,1,0
1,1205,1,0
1,797,1,0
1,914,1,0
1,1102,1,1
1,774,1,0
1,546,1,1
1,376,1,1
1,129,1,0
1,871,1,0
1017,1250,1,1
19,1250,1,0
19,812,1,0
19,1235,1,0
19,1248,1,0
1228,2637,1,0
1228,2636,1,0
1228,2635,1,0
1228,2634,1,0
1228,2633,1,0
1228,1396,1,0
1228,1392,1,0
1382,1251,1,0
1382,1250,1,0
1382,1249,1,0
1382,1248,1,0
1382,1247,1,0
1382,1386,1,0
1382,2366,1,0
1382,634,1,0
1382,459,1,0
1382,1073,1,0
1382,1689,1,0
1382,1345,1,0
1382,812,1,0
1382,63,1,0
1382,635,1,0
1382,842,1,0
1382,789,1,0
1382,23,1,0
1382,52,1,0
1382,848,1,0
1382,1246,1,0
1382,1245,1,0
1382,1244,1,0
1382,1057,1,0
1369,2495,1,0
1369,2633,1,0
1369,2634,1,0
1385,812,1,0
152,812,1,0
152,842,1,0
1385,842,1,0
5,2637,1,0
18,2633,1,0
18,1401,1,0
18,1689,1,0
18,1345,1,0
18,2495,1,0
18,2635,1,0
18,2634,1,0
18,2637,1,0
18,1363,1,0
18,1387,1,0
18,1359,1,0
1369,2635,1,0
1388,1292,1,0
1388,1305,1,1
1388,1263,1,0
159,1052,1,0
159,1050,1,0
159,2637,1,0
159,2495,1,0
159,1699,1,0
159,1694,1,0
159,1401,1,0
946,812,1,0
946,1246,1,0
19,2634,1,0
19,1686,1,0
1322,1399,1,0
1389,1305,1,0
1389,1263,1,0
1389,1288,1,0
1390,1293,1,0
1185,1286,1,0
1132,1376,1,0
18,1686,1,0
18,1356,1,0
18,1384,1,0
18,2636,1,0
18,1355,1,0
18,1361,1,0
18,1346,1,0
18,1364,1,0
18,1357,1,0
18,1370,1,0
18,1362,1,0
18,1365,1,1
18,1344,1,1
1388,1283,1,1
1388,1277,1,1
1388,1314,1,0
1392,376,1,0
1392,426,1,0
1392,798,1,0
1392,776,1,0
1392,1396,1,0
1392,2655,1,0
1392,2636,1,0
1392,2634,1,0
1392,1314,1,0
1392,1313,1,0
1392,1310,1,0
1,1214,1,1
1,2653,1,0
1,2655,1,0
1185,1306,1,0
1185,1262,1,0
1393,782,1,0
1393,791,1,0
1391,1283,1,0
1391,1314,1,0
1391,1277,1,0
1391,1268,1,0
1391,1286,1,0
1391,1276,1,0
1391,1262,1,0
1391,1289,1,0
1391,1265,1,0
1391,1291,1,0
1391,1297,1,0
1391,1300,1,0
1391,1303,1,0
1391,1305,1,0
1391,1306,1,0
1391,1299,1,0
1391,1302,1,0
1391,1290,1,0
1391,1287,1,0
1391,1255,1,0
1391,1282,1,0
1391,1256,1,0
1391,1311,1,0
1391,1266,1,0
1391,1304,1,0
1391,1293,1,0
1391,1253,1,0
1391,1258,1,0
1391,1284,1,0
1391,1264,1,0
1391,1313,1,0
1391,1307,1,0
1391,1298,1,0
1391,1301,1,0
1391,1295,1,0
1391,1308,1,0
1391,1288,1,0
1391,1263,1,0
1391,1257,1,0
1391,1312,1,0
1391,1281,1,0
1391,1285,1,0
1391,1292,1,0
1391,1252,1,0
1394,692,1,0
1394,772,1,0
1394,796,1,0
1390,1283,1,0
1390,1268,1,0
1390,1297,1,0
1390,1314,1,0
5,152,1,1
5,1248,1,1
5,2653,1,0
1398,1293,1,1
1398,1292,1,1
1398,1305,1,1
1398,1263,1,0
1398,1288,1,0
1398,1298,1,0
1398,1285,1,0
1398,1252,1,0
1398,1264,1,0
1398,1257,1,0
1398,1281,1,0
1398,1304,1,0
1398,1301,1,0
1398,1307,1,0
1398,1312,1,0
1398,1265,1,0
1398,1289,1,0
1388,1266,1,1
1391,1294,1,0
1391,1296,1,0
1391,1309,1,0
1391,1272,1,0
1391,1310,1,0
1400,1087,1,0
1400,1086,1,0
1400,1084,1,0
1400,1366,1,0
1402,1268,1,0
1,361,1,0
18,813,1,0
18,364,1,0
152,1235,1,0
152,1105,1,0
152,813,1,0
1403,1293,1,0
1405,1268,1,0
1405,1266,1,0
1406,1293,1,0
1406,1292,1,0
1406,1305,1,0
1407,1205,1,0
1407,1215,1,0
1407,1233,1,0
1407,1153,1,0
1407,1219,1,0
1407,1376,1,0
1407,1362,1,0
1407,1361,1,1
1407,1359,1,0
1407,1358,1,0
1407,1357,1,0
1407,1356,1,0
1407,1355,1,0
1407,1354,1,0
1407,1353,1,0
1407,1352,1,1
1407,1351,1,0
1407,1346,1,0
1407,1345,1,0
1407,1306,1,0
1407,1305,1,1
1407,1304,1,1
1407,1373,1,0
1407,1372,1,0
1407,1300,1,0
1407,1299,1,0
1407,1309,1,0
1407,1308,1,0
1407,1312,1,1
1407,1314,1,1
1407,1295,1,0
1407,1298,1,0
1407,1303,1,0
1407,1302,1,0
1407,1363,1,0
1407,1364,1,1
1407,1401,1,1
1407,2495,1,1
1407,2633,1,0
1407,2635,1,1
1407,1699,1,0
1407,2653,1,1
1407,2636,1,0
1407,2637,1,1
1407,2655,1,1
1407,1145,1,0
1407,1148,1,0
1407,1250,1,0
1407,1247,1,0
1407,1213,1,0
1405,1283,1,0
1408,1387,1,0
1408,1345,1,0
1405,1277,1,0
1185,1266,1,0
1408,2655,1,0
1408,2636,1,0
1408,2653,1,0
1408,1376,1,0
1408,2495,1,0
1408,2634,1,0
5,2655,1,0
1,1294,1,0
1420,1345,1,0
1421,1699,1,0
1421,2636,1,0
1421,2655,1,0
1421,2635,1,0
1421,2637,1,0
1421,1689,1,0
1421,1396,1,0
1,148,1,1
1422,1285,1,1
1422,1252,1,0
1422,1264,1,0
1422,1257,1,0
1422,1281,1,0
1422,1304,1,0
1422,1301,1,0
1422,1307,1,0
1422,1312,1,0
1422,1265,1,0
1422,1308,1,0
1422,1289,1,0
1422,1294,1,0
1422,1306,1,0
1423,1293,1,0
1422,1253,1,0
1423,1292,1,0
1423,1305,1,0
1423,1298,1,0
1423,1285,1,0
1423,1264,1,0
1423,1257,1,0
1422,1268,1,0
1422,1287,1,1
1422,1258,1,0
1422,1309,1,0
1422,1303,1,0
1422,1297,1,0
1422,1262,1,0
1422,1300,1,0
1422,1310,1,0
1422,1299,1,0
1422,1314,1,0
1422,1277,1,0
1422,1276,1,0
1422,1311,1,0
1422,1272,1,0
1422,1286,1,0
1422,1256,1,0
1422,1290,1,0
1422,1302,1,0
1422,1282,1,0
1422,1295,1,0
1422,1284,1,1
1422,1255,1,0
1422,1266,1,0
1422,1313,1,0
1422,1283,1,0
1422,1291,1,0
1422,1296,1,0
1422,1305,1,1
1422,1293,1,0
1422,1298,1,0
1422,1292,1,0
1424,247,1,0
1424,1251,1,0
1424,1250,1,0
1424,131,1,0
1424,130,1,0
1424,1228,1,0
1424,1314,1,0
1424,1313,1,0
1424,1312,1,0
1424,1311,1,0
1424,1308,1,0
1424,1088,1,0
1424,1081,1,0
1424,1079,1,0
1424,626,1,0
1424,621,1,0
1424,2653,1,0
1424,512,1,0
1185,1296,1,0
1185,1276,1,1
1185,1303,1,1
1185,1297,1,1
1185,1294,1,1
1185,1291,1,0
1185,1287,1,1
1185,1300,1,0
152,918,1,0
152,590,1,0
19,842,1,0
1,1224,1,0
1,132,1,1
1,697,1,0
1,693,1,0
1,654,1,1
1,1236,1,0
1,862,1,0
1,647,1,0
1,845,1,0
1,863,1,0
1,868,1,0
1425,1366,1,0
1425,1365,1,0
1425,1364,1,0
1425,1363,1,0
1425,1362,1,0
1425,1361,1,1
1425,1359,1,0
1425,1357,1,0
1425,1356,1,1
1425,1355,1,0
1425,1352,1,0
1,897,1,0
1425,1699,1,0
1425,1380,1,0
1425,2637,1,0
1425,1392,1,0
1,1217,1,0
1,1230,1,0
1,698,1,0
1,790,1,0
1426,1251,1,0
1426,1189,1,0
1426,1244,1,1
1426,1247,1,0
1404,1268,1,0
1425,1384,1,1
1425,1689,1,0
1425,2636,1,0
1425,1399,1,0
1425,2495,1,0
1,386,1,0
1,558,1,1
1428,812,1,1
1428,1244,1,0
19,1240,1,0
19,1244,1,0
152,1236,1,0
152,862,1,0
1425,2635,1,0
1425,2653,1,0
1425,1376,1,0
1425,2633,1,0
19,1228,1,0
19,629,1,1
1425,1345,1,0
1425,1383,1,0
1425,1401,1,0
1431,1293,1,0
1431,1292,1,0
1431,1305,1,1
1431,1263,1,1
1431,1288,1,0
1431,1268,1,0
1431,1286,1,0
1425,1374,1,0
1425,1694,1,0
1425,1397,1,0
1425,1396,1,0
1322,2655,1,0
1322,2653,1,0
1432,1345,1,0
1432,2633,1,0
1432,2636,1,0
1432,1383,1,0
1432,2637,1,0
1432,2495,1,0
1432,1694,1,0
1432,1376,1,0
1,36,0,1
16,36,0,1
9,52,0,1
19,50,0,1
19,59,0,1
19,60,0,1
18,64,0,1
18,62,0,1
18,63,0,1
18,65,0,1
1,66,0,1
1,75,0,1
1,74,0,1
1,73,0,1
1,64,0,1
9,100,0,1
19,86,0,1
18,80,0,1
18,88,0,1
18,77,0,1
18,97,0,1
18,94,0,1
31,135,0,1
31,131,0,1
5,161,0,1
18,190,0,1
18,189,0,1
5,190,0,1
5,189,0,1
5,177,0,1
19,175,0,1
5,207,0,1
1,100,0,1
1,97,0,1
5,61,0,1
5,216,0,1
19,252,0,1
9,366,0,1
18,359,0,1
18,298,0,1
18,296,0,1
18,228,0,1
36,12,0,1
36,16,0,1
1,459,0,1
5,449,0,1
41,469,0,1
18,457,0,1
18,417,0,1
18,378,0,1
39,298,0,1
19,459,0,1
5,371,0,1
5,370,0,1
5,527,0,1
16,63,0,1
47,517,0,1
5,549,0,1
19,563,0,1
50,583,0,1
18,595,0,1
9,459,0,1
44,590,0,1
39,619,0,1
19,560,0,1
58,590,0,1
60,590,0,1
61,586,0,1
61,590,0,1
61,583,0,1
67,563,0,1
1,15,0,1
70,547,0,1
70,546,0,1
74,583,0,1
74,586,0,1
1,580,0,1
76,590,0,1
77,590,0,1
65,583,0,1
65,546,0,1
65,515,0,1
18,52,0,1
18,415,0,1
18,586,0,1
18,588,0,1
18,558,0,1
18,491,0,1
18,86,0,1
18,547,0,1
18,463,0,1
18,618,0,1
18,616,0,1
18,606,0,1
18,605,0,1
18,604,0,1
18,603,0,1
18,602,0,1
18,601,0,1
18,580,0,1
18,577,0,1
18,433,0,1
18,499,0,1
18,546,0,1
18,551,0,1
18,549,0,1
18,427,0,1
97,459,0,1
1,608,0,1
19,619,0,1
19,618,0,1
18,560,0,1
94,558,0,1
102,631,0,1
102,586,0,1
103,631,0,1
1,583,0,1
44,525,0,1
39,631,0,1
39,606,0,1
39,576,0,1
39,575,0,1
1,491,0,1
1,143,0,1
1,154,0,1
1,155,0,1
1,159,0,1
1,160,0,1
1,151,0,1
1,513,0,1
5,159,0,1
5,576,0,1
1,631,0,1
114,631,0,1
114,626,0,1
116,560,0,1
1,158,0,1
44,633,0,1
44,67,0,1
44,66,0,1
44,65,0,1
44,64,0,1
44,63,0,1
47,512,0,1
19,631,0,1
44,447,0,1
18,142,0,1
5,151,0,1
123,560,0,1
125,583,0,1
126,586,0,1
19,151,0,1
1,153,0,1
1,164,0,1
1,549,0,1
1,633,0,1
127,629,0,1
127,590,0,1
1,560,0,1
1,16,0,1
1,31,0,1
18,633,0,1
18,590,0,1
19,633,0,1
18,16,0,1
18,23,0,1
18,33,0,1
18,631,0,1
18,498,0,1
18,497,0,1
18,496,0,1
18,494,0,1
18,488,0,1
18,487,0,1
18,469,0,1
18,468,0,1
18,467,0,1
18,466,0,1
18,464,0,1
18,462,0,1
18,461,0,1
18,460,0,1
18,458,0,1
18,456,0,1
18,455,0,1
18,454,0,1
18,453,0,1
18,452,0,1
18,438,0,1
18,437,0,1
18,436,0,1
18,434,0,1
18,432,0,1
18,430,0,1
18,428,0,1
18,426,0,1
18,425,0,1
18,424,0,1
18,423,0,1
18,422,0,1
18,634,0,1
1,625,0,1
1,623,0,1
47,516,0,1
47,52,0,1
47,461,0,1
47,33,0,1
1,142,0,1
1,19,0,1
19,588,0,1
18,58,0,1
1,461,0,1
1,551,0,1
1,33,0,1
1,58,0,1
1,161,0,1
47,453,0,1
47,496,0,1
47,462,0,1
47,436,0,1
47,430,0,1
47,423,0,1
47,412,0,1
47,364,0,1
26,459,0,1
26,458,0,1
26,616,0,1
18,459,0,1
26,558,0,1
26,560,0,1
26,556,0,1
26,551,0,1
26,549,0,1
26,635,0,1
26,634,0,1
26,633,0,1
26,161,0,1
19,586,0,1
47,163,0,1
47,164,0,1
47,427,0,1
9,455,0,1
18,160,0,1
151,151,0,1
151,161,0,1
151,159,0,1
151,560,0,1
19,626,0,1
1,494,0,1
1,477,0,1
155,415,0,1
5,82,0,1
19,617,0,1
1,601,0,1
19,590,0,1
9,158,0,1
1,426,0,1
149,161,0,1
1,12,0,1
1,460,0,1
1,52,0,1
1,14,0,1
167,415,0,1
19,659,0,1
169,269,0,1
170,151,0,1
170,390,0,1
19,655,0,1
19,657,0,1
172,434,0,1
172,193,0,1
172,433,0,1
172,191,0,1
172,454,0,1
172,453,0,1
172,452,0,1
172,451,0,1
172,449,0,1
174,540,0,1
5,38,0,1
9,546,0,1
9,629,0,1
9,148,0,1
9,82,0,1
9,657,0,1
129,641,0,1
9,560,0,1
1,657,0,1
1,453,0,1
1,586,0,1
176,549,0,1
5,664,0,1
5,663,0,1
5,662,0,1
1,660,0,1
1,614,0,1
1,538,0,1
19,680,0,1
1,685,0,1
1,686,0,1
9,695,0,1
19,698,0,1
1,634,0,1
9,159,0,1
19,727,0,1
9,142,0,1
180,634,0,1
180,459,0,1
9,35,0,1
19,770,0,1
1,437,0,1
1,47,0,1
1,752,0,1
183,609,0,1
183,608,0,1
183,607,0,1
183,606,0,1
183,605,0,1
1,784,0,1
182,784,0,1
167,56,0,1
19,635,0,1
9,30,0,1
9,822,0,1
9,811,0,1
167,722,0,1
180,626,0,1
180,784,0,1
180,635,0,1
180,623,0,1
9,19,0,1
9,36,0,1
155,56,0,1
185,143,0,1
1,703,0,1
5,702,0,1
9,623,0,1
9,67,0,1
9,66,0,1
9,65,0,1
9,64,0,1
9,922,0,1
9,919,0,1
9,31,0,1
9,168,0,1
9,942,0,1
9,941,0,1
1,133,0,1
19,948,0,1
19,947,0,1
149,959,0,1
9,376,0,1
9,359,0,1
9,169,0,1
19,625,0,1
19,979,0,1
9,388,0,1
1,17,0,1
1,56,0,1
9,979,0,1
188,973,0,1
9,997,0,1
1,997,0,1
149,177,0,1
5,997,0,1
19,987,0,1
191,742,0,1
192,610,0,1
193,775,0,1
195,784,0,1
195,1001,0,1
195,1002,0,1
195,1003,0,1
195,1004,0,1
195,1005,0,1
195,1006,0,1
9,155,0,1
9,1006,0,1
9,1001,0,1
187,1026,0,1
187,159,0,1
187,1033,0,1
187,626,0,1
1,416,0,1
187,560,0,1
187,997,0,1
187,752,0,1
187,884,0,1
187,883,0,1
19,166,0,1
19,1060,0,1
180,1048,0,1
180,1045,0,1
180,1039,0,1
187,781,0,1
19,1059,0,1
187,904,0,1
187,1052,0,1
1,171,0,1
199,909,0,1
187,175,0,1
187,1060,0,1
187,1053,0,1
187,1059,0,1
187,1055,0,1
187,894,0,1
187,1006,0,1
9,618,0,1
9,1062,0,1
19,1062,0,1
9,1066,0,1
1,1062,0,1
9,469,0,1
9,497,0,1
9,54,0,1
9,638,0,1
9,637,0,1
187,983,0,1
187,143,0,1
203,415,0,1
203,52,0,1
203,548,0,1
203,540,0,1
197,1071,0,1
9,1071,0,1
9,721,0,1
9,758,0,1
187,633,0,1
192,171,0,1
9,640,0,1
19,1064,0,1
187,169,0,1
39,1073,0,1
207,159,0,1
207,1033,0,1
208,1057,0,1
208,1060,0,1
1,1060,0,1
210,163,0,1
210,1054,0,1
211,1052,0,1
187,56,0,1
215,742,0,1
215,1066,0,1
217,1053,0,1
9,1065,0,1
218,159,0,1
218,1059,0,1
9,1064,0,1
5,459,0,1
224,1033,0,1
225,1063,0,1
180,1063,0,1
9,164,0,1
232,1055,0,1
232,1053,0,1
9,724,0,1
9,14,0,1
236,1059,0,1
9,365,0,1
1,972,0,1
239,1025,0,1
9,821,0,1
1,436,0,1
241,159,0,1
241,626,0,1
1,1064,0,1
242,1052,0,1
246,159,0,1
247,1024,0,1
247,847,0,1
9,773,0,1
9,813,0,1
9,814,0,1
9,774,0,1
9,693,0,1
9,692,0,1
9,652,0,1
9,697,0,1
248,1062,0,1
249,1065,0,1
254,159,0,1
254,43,0,1
254,49,0,1
254,1033,0,1
256,1062,0,1
257,1063,0,1
1,1065,0,1
5,173,0,1
260,1053,0,1
260,1055,0,1
260,1056,0,1
260,847,0,1
260,512,0,1
260,415,0,1
260,540,0,1
260,1063,0,1
262,1056,0,1
263,1055,0,1
267,1065,0,1
268,1057,0,1
268,1054,0,1
269,1056,0,1
270,635,0,1
274,1062,0,1
276,1062,0,1
276,1065,0,1
276,1064,0,1
278,1073,0,1
279,1025,0,1
279,847,0,1
280,1062,0,1
281,1064,0,1
283,1062,0,1
283,1066,0,1
284,1066,0,1
285,1066,0,1
285,1062,0,1
286,1064,0,1
286,1065,0,1
286,1062,0,1
296,1065,0,1
296,1064,0,1
298,1064,0,1
283,1064,0,1
299,1064,0,1
299,1065,0,1
300,1066,0,1
301,1065,0,1
301,1064,0,1
302,1064,0,1
302,1062,0,1
302,1066,0,1
312,1062,0,1
315,1066,0,1
315,1064,0,1
316,1065,0,1
315,1065,0,1
316,1062,0,1
315,1062,0,1
318,1062,0,1
322,1062,0,1
322,1066,0,1
327,1066,0,1
327,1065,0,1
322,1064,0,1
325,1065,0,1
330,1064,0,1
330,1065,0,1
330,1066,0,1
331,1064,0,1
331,1066,0,1
331,1062,0,1
332,159,0,1
332,1056,0,1
332,44,0,1
334,159,0,1
334,1057,0,1
18,44,0,1
322,1065,0,1
348,44,0,1
368,159,0,1
368,560,0,1
402,1062,0,1
389,1006,0,1
404,549,0,1
404,150,0,1
404,942,0,1
419,161,0,1
422,40,0,1
423,1066,0,1
431,31,0,1
435,143,0,1
19,1065,0,1
440,159,0,1
440,1056,0,1
440,1053,0,1
442,1063,0,1
452,1062,0,1
457,1064,0,1
457,1062,0,1
457,1066,0,1
458,1062,0,1
464,1054,0,1
464,1059,0,1
470,1066,0,1
470,1065,0,1
486,44,0,1
470,1064,0,1
503,560,0,1
505,1064,0,1
505,1062,0,1
514,1064,0,1
514,1065,0,1
514,1066,0,1
505,1065,0,1
519,1057,0,1
519,44,0,1
520,1055,0,1
519,1030,0,1
520,161,0,1
520,40,0,1
520,142,0,1
520,173,0,1
520,1053,0,1
520,1033,0,1
531,1032,0,1
531,159,0,1
531,44,0,1
531,1054,0,1
531,549,0,1
531,43,0,1
531,56,0,1
531,1060,0,1
9,1073,0,1
19,1063,0,1
19,159,0,1
543,1064,0,1
543,1066,0,1
543,1065,0,1
543,1062,0,1
545,629,0,1
545,727,0,1
540,1025,0,1
558,44,0,1
560,625,0,1
560,948,0,1
574,1064,0,1
574,1062,0,1
574,1065,0,1
574,1066,0,1
9,917,0,1
586,1064,0,1
586,1066,0,1
589,1066,0,1
589,1065,0,1
590,1066,0,1
18,167,0,1
603,151,0,1
609,1064,0,1
609,1066,0,1
609,1062,0,1
612,1066,0,1
612,1062,0,1
612,1064,0,1
612,1065,0,1
615,1065,0,1
615,1066,0,1
616,1053,0,1
616,1063,0,1
616,159,0,1
616,1057,0,1
617,1053,0,1
494,161,0,1
650,847,0,1
609,1065,0,1
656,1064,0,1
656,1065,0,1
654,1062,0,1
654,1064,0,1
9,908,0,1
9,1052,0,1
663,1064,0,1
669,1053,0,1
680,1065,0,1
680,1066,0,1
9,788,0,1
9,972,0,1
9,984,0,1
9,56,0,1
9,982,0,1
672,1065,0,1
672,1062,0,1
672,1064,0,1
672,1066,0,1
9,816,0,1
702,159,0,1
710,1064,0,1
710,1065,0,1
47,780,0,1
47,724,0,1
47,1059,0,1
47,770,0,1
711,1055,0,1
712,1066,0,1
715,1064,0,1
715,1065,0,1
716,1064,0,1
720,1064,0,1
720,1065,0,1
720,1066,0,1
708,1066,0,1
708,1064,0,1
722,1066,0,1
724,1064,0,1
724,1065,0,1
724,1066,0,1
725,1055,0,1
726,1062,0,1
730,1088,0,1
730,945,0,1
730,1079,0,1
731,1053,0,1
731,1001,0,1
731,1022,0,1
733,1088,0,1
735,998,0,1
735,626,0,1
9,383,0,1
9,939,0,1
9,938,0,1
736,1057,0,1
739,1055,0,1
740,1065,0,1
741,1079,0,1
741,1088,0,1
741,1087,0,1
741,1086,0,1
741,1085,0,1
741,1084,0,1
741,1083,0,1
741,1082,0,1
741,1081,0,1
741,1062,0,1
741,1078,0,1
741,1077,0,1
741,1076,0,1
741,1074,0,1
741,1066,0,1
741,1075,0,1
741,1065,0,1
746,1065,0,1
748,1064,0,1
748,1066,0,1
751,1064,0,1
751,1065,0,1
751,1066,0,1
751,1088,0,1
751,1062,0,1
752,1064,0,1
753,1064,0,1
753,1065,0,1
305,997,0,1
756,1064,0,1
759,1085,0,1
759,1086,0,1
759,1064,0,1
759,1065,0,1
759,1080,0,1
759,1066,0,1
759,1062,0,1
470,1081,0,1
470,1079,0,1
764,1064,0,1
765,1064,0,1
766,1075,0,1
766,1062,0,1
768,1059,0,1
768,44,0,1
768,1032,0,1
470,1088,0,1
770,590,0,1
770,1056,0,1
770,173,0,1
770,1059,0,1
770,1030,0,1
771,1057,0,1
771,1032,0,1
771,1055,0,1
771,1056,0,1
771,540,0,1
771,1092,0,1
771,1053,0,1
772,1064,0,1
774,1064,0,1
774,1075,0,1
774,1087,0,1
775,1092,0,1
775,1060,0,1
775,44,0,1
775,1063,0,1
777,1062,0,1
777,1086,0,1
778,1064,0,1
774,1062,0,1
781,1081,0,1
398,780,0,1
783,866,0,1
784,1080,0,1
784,1088,0,1
784,1086,0,1
784,1085,0,1
784,1081,0,1
470,1083,0,1
784,1064,0,1
790,1057,0,1
793,1066,0,1
793,1083,0,1
795,1064,0,1
797,1064,0,1
797,1085,0,1
797,1084,0,1
801,1053,0,1
802,1032,0,1
802,173,0,1
774,1080,0,1
18,983,0,1
803,1053,0,1
805,1057,0,1
808,1062,0,1
810,1064,0,1
5,779,0,1
810,1088,0,1
813,1080,0,1
814,1066,0,1
815,1065,0,1
818,1066,0,1
818,1088,0,1
818,1065,0,1
818,1087,0,1
818,1079,0,1
819,1092,0,1
1,1059,0,1
1,39,0,1
821,1057,0,1
821,1055,0,1
821,1026,0,1
822,1057,0,1
1,796,0,1
823,1092,0,1
823,1032,0,1
5,377,0,1
832,560,0,1
834,1088,0,1
836,1086,0,1
836,1084,0,1
836,1083,0,1
836,1082,0,1
836,1081,0,1
840,159,0,1
840,173,0,1
840,1057,0,1
843,1064,0,1
843,1065,0,1
843,1066,0,1
843,1088,0,1
843,1062,0,1
843,1087,0,1
843,1086,0,1
843,1085,0,1
843,1084,0,1
843,1083,0,1
843,1082,0,1
843,1081,0,1
843,1080,0,1
834,1084,0,1
846,1064,0,1
283,1065,0,1
283,1088,0,1
846,1088,0,1
846,1087,0,1
846,1086,0,1
843,1079,0,1
850,1054,0,1
851,796,0,1
852,159,0,1
18,1063,0,1
853,1085,0,1
853,1084,0,1
853,1088,0,1
853,1062,0,1
855,1064,0,1
855,1066,0,1
856,1079,0,1
5,775,0,1
859,560,0,1
860,1077,0,1
860,1064,0,1
861,1088,0,1
864,173,0,1
866,1055,0,1
867,1024,0,1
867,549,0,1
867,66,0,1
867,1057,0,1
868,1054,0,1
867,1059,0,1
867,1028,0,1
868,1032,0,1
868,1056,0,1
868,173,0,1
868,1088,0,1
868,1083,0,1
869,1066,0,1
870,1066,0,1
871,1088,0,1
871,1062,0,1
873,1026,0,1
774,1086,0,1
878,1092,0,1
880,1065,0,1
882,1064,0,1
882,1065,0,1
882,1079,0,1
882,1087,0,1
882,1086,0,1
882,1085,0,1
882,1082,0,1
882,1081,0,1
882,1077,0,1
882,1076,0,1
882,1075,0,1
882,1074,0,1
882,1066,0,1
885,1065,0,1
885,1066,0,1
887,1064,0,1
887,1080,0,1
887,1088,0,1
887,1082,0,1
888,1053,0,1
882,1080,0,1
882,1084,0,1
882,1083,0,1
882,1062,0,1
882,1078,0,1
891,1080,0,1
891,1087,0,1
891,1086,0,1
891,1085,0,1
891,1083,0,1
891,1082,0,1
891,1081,0,1
891,1062,0,1
891,1084,0,1
891,1079,0,1
891,1088,0,1
892,1065,0,1
892,1087,0,1
895,1065,0,1
896,1088,0,1
898,634,0,1
902,1057,0,1
902,1032,0,1
902,1023,0,1
1,815,0,1
909,159,0,1
911,1100,0,1
5,714,0,1
19,694,0,1
19,1096,0,1
912,1062,0,1
917,1104,0,1
917,1098,0,1
1,1099,0,1
920,1110,0,1
925,1088,0,1
932,1110,0,1
933,634,0,1
1,1101,0,1
1,1106,0,1
1,1122,0,1
1,1109,0,1
939,1119,0,1
939,1110,0,1
940,1113,0,1
940,173,0,1
940,1122,0,1
940,1123,0,1
943,1064,0,1
19,1132,0,1
19,1127,0,1
944,1134,0,1
945,1138,0,1
945,1135,0,1
945,173,0,1
1,1138,0,1
728,1153,0,1
5,1161,0,1
5,1164,0,1
5,1163,0,1
5,1160,0,1
948,19,0,1
946,1154,0,1
951,1156,0,1
954,1169,0,1
954,1172,0,1
19,1182,0,1
1,54,0,1
958,44,0,1
958,161,0,1
958,166,0,1
949,173,0,1
19,1110,0,1
1,1162,0,1
19,1216,0,1
19,1214,0,1
19,1220,0,1
5,1159,0,1
5,939,0,1
5,1247,0,1
5,1246,0,1
19,1088,0,1
972,1240,0,1
972,1205,0,1
973,1249,0,1
5,789,0,1
16,1252,0,1
976,1214,0,1
976,1242,0,1
977,1212,0,1
977,1210,0,1
978,1214,0,1
978,1246,0,1
1,1253,0,1
980,1098,0,1
980,1025,0,1
980,1212,0,1
980,1173,0,1
1,1252,0,1
1,1207,0,1
983,1052,0,1
984,1083,0,1
1,1231,0,1
5,58,0,1
853,1079,0,1
853,1086,0,1
18,1202,0,1
39,1218,0,1
992,1238,0,1
993,1251,0,1
995,1242,0,1
995,1250,0,1
996,1240,0,1
996,1227,0,1
996,1237,0,1
5,1213,0,1
1002,1234,0,1
5,1252,0,1
5,1104,0,1
5,1133,0,1
5,1258,0,1
5,1208,0,1
5,30,0,1
953,918,0,1
1,1263,0,1
1010,1251,0,1
1011,1248,0,1
1,1286,0,1
1,1310,0,1
1017,1248,0,1
1018,1109,0,1
1018,1251,0,1
1,1295,0,1
19,1205,0,1
1021,1244,0,1
1031,1246,0,1
1034,65,0,1
1034,66,0,1
1035,1284,0,1
18,1251,0,1
1038,1311,0,1
1040,67,0,1
1042,1292,0,1
1044,1064,0,1
19,1311,0,1
1,1300,0,1
1,1313,0,1
1056,1292,0,1
1057,1294,0,1
1032,1300,0,1
1061,1300,0,1
1061,1255,0,1
1032,1253,0,1
1068,1312,0,1
1068,1311,0,1
1077,1236,0,1
1,861,0,1
1,252,0,1
5,923,0,1
5,871,0,1
1084,1249,0,1
1085,723,0,1
1086,1237,0,1
18,1110,0,1
1039,426,0,1
589,1064,0,1
1094,1312,0,1
1095,1292,0,1
1106,1292,0,1
1039,1251,0,1
1105,385,0,1
1105,1206,0,1
1105,129,0,1
1105,365,0,1
1117,1314,0,1
1117,634,0,1
1117,1268,0,1
1117,1304,0,1
1117,1309,0,1
1117,1276,0,1
1123,1263,0,1
1123,1309,0,1
1125,65,0,1
1127,1300,0,1
1,635,0,1
1010,1362,0,1
5,1064,0,1
982,1064,0,1
982,1252,0,1
982,1262,0,1
1130,1293,0,1
1130,1292,0,1
1130,1305,0,1
1010,774,0,1
1010,517,0,1
203,1189,0,1
203,167,0,1
203,816,0,1
1135,1265,0,1
1135,1306,0,1
1197,1399,0,1
1226,1891,0,1
1228,1946,0,1
1228,1948,0,1
1228,1949,0,1
5,2200,0,1
1105,695,0,1
1327,60,0,1
1348,1100,0,1
1367,1366,0,1
1032,1686,0,1
1381,2648,0,1
1381,2643,0,1
1010,2643,0,1
1010,2647,0,1
1381,2645,0,1
1439,1385,0,1
159,1204,0,1
1442,1234,0,1
1442,842,0,1
1444,2636,0,1
1444,1351,0,1
1432,1387,0,1
1447,1298,0,1
1425,1381,0,1
1425,1385,0,1
1425,1377,0,1
1417,2648,0,1
1417,2647,0,1
1452,820,0,1
1452,1251,0,1
1105,1243,0,1
1,1242,0,1
1,2646,0,1
5,2644,0,1
1417,2643,0,1
1463,1288,0,1
1463,1298,0,1
1463,1285,0,1
1463,1257,0,1
1463,1281,0,1
1463,1301,0,1
1465,1249,0,1
1173,2715,0,1
1173,2688,0,1
1381,2712,0,1
1013,2714,0,1
1013,2712,0,1
1466,2708,0,1
1468,2724,0,1
1173,2733,0,1
1470,1250,0,1
1470,1245,0,1
1474,2749,0,1
1458,2712,0,1
1466,2698,0,1
1466,2647,0,1
1480,2764,0,1
1458,2648,0,1
1458,2643,0,1
1466,2646,0,1
1381,2642,0,1
1466,2710,0,1
1485,2696,0,1
1490,2713,0,1
1445,2711,0,1
1490,2707,0,1
18,2756,0,1
1511,1268,0,1
1511,1314,0,1
1511,1287,0,1
1511,1286,0,1
1511,1303,0,1
1511,1283,0,1
1511,1294,0,1
1425,2776,0,1
1417,2646,0,1
1514,2655,0,1
1417,2710,0,1
1518,2797,0,1
1519,1293,0,1
1519,1305,0,1
1519,1268,0,1
1519,1294,0,1
1519,1306,0,1
1519,1302,0,1
1520,2764,0,1
1522,1292,0,1
1522,1263,0,1
1522,1288,0,1
1522,1298,0,1
1522,1285,0,1
1522,1252,0,1
1522,1264,0,1
18,2809,0,1
1417,2645,0,1
203,812,0,1
203,842,0,1
203,12,0,1
1,2816,0,1
1425,2854,0,1
1474,2818,0,1
1530,2834,0,1
1537,1305,0,1
1537,1263,0,1
1537,1288,0,1
1425,2815,0,1
1,2703,0,1
19,2696,0,1
19,2710,0,1
1544,2696,0,1
1544,2673,0,1
1547,2703,0,1
1548,1225,0,1
1553,2714,0,1
1564,1292,0,1
1553,2840,0,1
1553,2834,0,1
1553,812,0,1
1380,2705,0,1
1,2698,0,1
1625,1205,0,1
1600,1268,0,1
1600,1300,0,1
1632,1288,0,1
1632,1298,0,1
1632,1285,0,1
1632,1252,0,1
1632,1264,0,1
1632,1257,0,1
1632,1281,0,1
1632,1265,0,1
1600,1265,0,1
1600,1313,0,1
1637,635,0,1
5,63,0,1
19,1249,0,1
1647,1292,0,1
5,2776,0,1
1654,1264,0,1
1654,1257,0,1
1654,1307,0,1
1672,1264,0,1
1679,1281,0,1
1672,1286,0,1
1672,1294,0,1
1672,1255,0,1
1672,1262,0,1
1700,1282,0,1
1712,1282,0,1
1716,1263,0,1
1716,1282,0,1
1716,1258,0,1
1710,1282,0,1
1720,1086,0,1
1724,1251,0,1
1730,1258,0,1
1732,2843,0,1
1734,1263,0,1
1734,1301,0,1
1734,1312,0,1
1745,1258,0,1
1750,1258,0,1
1750,1295,0,1
1750,1302,0,1
1541,1301,0,1
1541,1312,0,1
1684,1305,0,1
1684,1288,0,1
1653,1297,0,1
1759,1258,0,1
1759,1303,0,1
1759,1262,0,1
1759,1310,0,1
1759,1284,0,1
1765,1292,0,1
1767,1293,0,1
1767,1292,0,1
1767,1263,0,1
1767,1301,0,1
1767,1265,0,1
1767,1312,0,1
1767,1313,0,1
1767,1314,0,1
1750,1276,0,1
1750,1266,0,1
1750,1297,0,1
1780,1293,0,1
1780,1292,0,1
1780,1310,0,1
1032,1293,0,1
1785,1310,0,1
1785,1272,0,1
53,386,0,1
53,871,0,1
53,499,0,1
53,1251,0,1
1032,1292,0,1
1557,3069,0,1
53,923,0,1
1374,1293,0,1
1374,1292,0,1
1812,1240,0,1
1816,1263,0,1
1730,1310,0,1
1730,1299,0,1
1730,1294,0,1
1730,1302,0,1
1730,1276,0,1
1730,1266,0,1
1730,1282,0,1
1730,1283,0,1
1730,1284,0,1
1730,1262,0,1
1819,1292,0,1
1820,3069,0,1
1820,3063,0,1
1553,3085,0,1
1553,3092,0,1
1553,3086,0,1
1553,2712,0,1
1842,3074,0,1
1,38,0,1
1,1006,0,1
1,1188,0,1
1857,1251,0,1
203,359,0,1
203,1092,0,1
203,890,0,1
1618,2922,0,1
1618,1299,0,1
1868,651,0,1
1703,2922,0,1
1703,1294,0,1
1868,30,0,1
1883,1305,0,1
1883,1252,0,1
1883,1264,0,1
19,3091,0,1
1887,1252,0,1
1887,1264,0,1
1887,1257,0,1
1887,1281,0,1
1887,1314,0,1
1887,1277,0,1
1887,1276,0,1
1887,1311,0,1
1,841,0,1
1,979,0,1
203,3102,0,1
203,3098,0,1
1792,3075,0,1
19,1189,0,1
203,135,0,1
1914,1189,0,1
1,3140,0,1
1,3150,0,1
1,3057,0,1
1922,3057,0,1
53,1236,0,1
135,3188,0,1
1927,3188,0,1
203,3147,0,1
203,3188,0,1
1893,1289,0,1
1893,3091,0,1
19,3098,0,1
1927,816,0,1
1,515,0,1
1,518,0,1
1943,1194,0,1
1943,499,0,1
1943,813,0,1
1915,3188,0,1
1950,1298,0,1
1950,1285,0,1
1950,2922,0,1
1950,1252,0,1
1950,1264,0,1
1950,1283,0,1
1950,1291,0,1
1950,3272,0,1
1950,1294,0,1
1950,1314,0,1
1950,1308,0,1
1950,1290,0,1
1950,1286,0,1
1950,1277,0,1
1950,1272,0,1
1950,1307,0,1
1950,1302,0,1
1950,1299,0,1
1,1186,0,1
1,563,0,1
19,3102,0,1
1,3291,0,1
1868,58,0,1
1868,517,0,1
1868,1102,0,1
1868,838,0,1
1868,939,0,1
1,366,0,1
1957,3092,0,1
1,3087,0,1
1,3082,0,1
1868,916,0,1
1,1123,0,1
1,1136,0,1
1868,1028,0,1
1868,12,0,1
1868,785,0,1
1954,812,0,1
1,1189,0,1
1,1251,0,1
1,1146,0,1
19,3291,0,1
19,3272,0,1
1923,3340,0,1
1954,3092,0,1
1954,3091,0,1
1977,3341,0,1
1977,3342,0,1
1868,642,0,1
1978,3188,0,1
1979,1251,0,1
1980,3092,0,1
1,1097,0,1
1,384,0,1
19,1087,0,1
18,518,0,1
18,774,0,1
18,848,0,1
1990,1189,0,1
203,1116,0,1
1992,3098,0,1
203,848,0,1
203,888,0,1
1992,1237,0,1
1992,1236,0,1
1992,642,0,1
1994,1088,0,1
1994,1073,0,1
1992,1116,0,1
1992,842,0,1
1992,1141,0,1
19,862,0,1
1964,1030,0,1
1964,1137,0,1
1964,518,0,1
19,897,0,1
19,1206,0,1
1992,1206,0,1
2000,1248,0,1
2000,3188,0,1
1868,3340,0,1
1916,642,0,1
1992,383,0,1
1992,1251,0,1
1992,1247,0,1
1992,1246,0,1
2004,1030,0,1
1992,773,0,1
1992,1026,0,1
1992,918,0,1
1992,15,0,1
1941,2922,0,1
5,3341,0,1
1992,1181,0,1
1281,3272,0,1
1281,1284,0,1
2036,3263,0,1
1992,546,0,1
2060,3188,0,1
2060,1206,0,1
2060,386,0,1
1964,364,0,1
1964,788,0,1
1964,3406,0,1
1173,1393,0,1
2068,1214,0,1
2068,1225,0,1
2068,3102,0,1
2068,3188,0,1
2068,1247,0,1
2068,975,0,1
2068,917,0,1
2068,974,0,1
2068,1030,0,1
2068,1137,0,1
2068,684,0,1
2073,3340,0,1
2068,3404,0,1
2068,3506,0,1
2068,3403,0,1
2068,3341,0,1
2068,3340,0,1
2068,3345,0,1
2068,3343,0,1
1992,3397,0,1
1992,3346,0,1
1992,3506,0,1
2004,3509,0,1
2004,3397,0,1
2004,3510,0,1
2004,3342,0,1
2004,3345,0,1
2004,3343,0,1
2004,3511,0,1
2004,3341,0,1
2073,518,0,1
2073,32,0,1
2004,3344,0,1
2004,3346,0,1
1992,3508,0,1
2068,3511,0,1
2068,3342,0,1
2068,3400,0,1
2068,3346,0,1
1992,3340,0,1
2081,546,0,1
2082,3397,0,1
2004,3538,0,1
1964,3547,0,1
1964,3324,0,1
2042,3547,0,1
1,3406,0,1
1,3510,0,1
1,3402,0,1
1,3515,0,1
19,3397,0,1
2101,3669,0,1
1,3558,0,1
1992,3556,0,1
2101,3651,0,1
19,3105,0,1
19,3540,0,1
2088,1251,0,1
2117,3587,0,1
1992,3400,0,1
2004,152,0,1
1949,3540,0,1
1,3343,0,1
2073,915,0,1
2004,1206,0,1
1992,3546,0,1
1,3401,0,1
1,3544,0,1
1,3404,0,1
1,3345,0,1
2073,1217,0,1
2073,361,0,1
2125,3558,0,1
2125,3557,0,1
2125,3556,0,1
2125,3554,0,1
2125,3553,0,1
2125,3552,0,1
2125,3679,0,1
2125,3680,0,1
2150,3544,0,1
2155,3977,0,1
1964,3997,0,1
1964,3994,0,1
1914,3997,0,1
2004,3826,0,1
1,3996,0,1
1967,1256,0,1
19,4030,0,1
2187,3683,0,1
1992,4037,0,1
2187,4024,0,1
2187,4025,0,1
1942,3996,0,1
2193,4036,0,1
2073,3188,0,1
2073,3098,0,1
2073,3510,0,1
1,4060,0,1
2197,3680,0,1
2197,3860,0,1
2197,3880,0,1
2197,3291,0,1
2197,3676,0,1
2197,3675,0,1
2197,3673,0,1
2197,3672,0,1
2197,3671,0,1
2197,3669,0,1
2197,3311,0,1
2197,3309,0,1
2197,3267,0,1
1964,4013,0,1
1964,4017,0,1
1964,3556,0,1
1964,3549,0,1
1964,4016,0,1
1964,3831,0,1
1964,3514,0,1
1964,3344,0,1
2004,4063,0,1
1895,3147,0,1
946,4063,0,1
946,3549,0,1
5,3511,0,1
1992,3826,0,1
1992,4071,0,1
1992,4072,0,1
2204,3860,0,1
2204,3880,0,1
2204,3941,0,1
2204,3947,0,1
2204,3957,0,1
2204,3930,0,1
2042,3860,0,1
1992,4017,0,1
1990,3833,0,1
1990,4036,0,1
1990,4077,0,1
1990,4076,0,1
1990,3511,0,1
1745,1290,0,1
1745,1314,0,1
1745,1313,0,1
1745,1286,0,1
1745,1299,0,1
1745,1291,0,1
1745,1310,0,1
2004,4081,0,1
1992,3549,0,1
1777,1295,0,1
1990,4037,0,1
1992,3399,0,1
1992,4082,0,1
1,3549,0,1
1,4082,0,1
2222,1251,0,1
2222,1214,0,1
2222,1225,0,1
2222,1189,0,1
2222,4081,0,1
2222,4071,0,1
2222,4076,0,1
2222,4077,0,1
2222,3511,0,1
2222,4074,0,1
2222,4017,0,1
2222,4091,0,1
1880,4071,0,1
2222,3833,0,1
1,4116,0,1
1,4117,0,1
1,4118,0,1
1,4120,0,1
1,4123,0,1
2193,4076,0,1
2193,4063,0,1
2193,4031,0,1
2193,4073,0,1
2193,3549,0,1
1,4127,0,1
1992,4075,0,1
2231,3510,0,1
2231,4064,0,1
2231,1030,0,1
2233,1189,0,1
2234,1189,0,1
2234,1251,0,1
2234,1225,0,1
2234,4072,0,1
2235,1189,0,1
2236,1189,0,1
2236,1251,0,1
2236,4016,0,1
1,4139,0,1
1,4141,0,1
1,4143,0,1
1,4145,0,1
1,4154,0,1
1,4136,0,1
2222,4064,0,1
2239,1189,0,1
2239,1251,0,1
2240,4173,0,1
2240,4172,0,1
2240,4063,0,1
2112,4173,0,1
2241,1214,0,1
2241,4079,0,1
2241,4174,0,1
2241,4168,0,1
2241,3344,0,1
2241,3400,0,1
2222,4166,0,1
2222,4093,0,1
2222,4016,0,1
2222,4058,0,1
1,4158,0,1
1,4147,0,1
1,4150,0,1
1992,4172,0,1
2140,4169,0,1
2140,4170,0,1
308,1079,0,1
308,1088,0,1
308,1087,0,1
308,1086,0,1
2254,1189,0,1
2254,1251,0,1
